chunk,passo,t,alvo_E_x,alvo_E_y,alvo_E_z,alvo_D_x,alvo_D_y,alvo_D_z,med_E_x,med_E_y,med_E_z,med_D_x,med_D_y,med_D_z,erro_ik_E_mm,erro_ik_D_mm,garra_cmd_E,garra_cmd_D,garra_med_E,garra_med_D
0,0,1790610941.992,0.3533,0.1877,0.2534,0.2906,-0.2306,0.2406,0.3604,0.1846,0.2035,0.2882,-0.2213,0.1907,9.0,0.1,4.524,4.531,4.541,4.541
0,1,1790610942.025,0.35,0.19,0.2512,0.2908,-0.2302,0.2399,0.3604,0.1846,0.2035,0.2882,-0.2213,0.1907,0.1,0.1,4.5,4.509,4.541,4.541
0,2,1790610942.059,0.3474,0.1925,0.2497,0.2907,-0.2294,0.2396,0.3592,0.1842,0.2013,0.2878,-0.221,0.1911,0.1,0.1,4.512,4.501,4.541,4.541
0,3,1790610942.093,0.3453,0.1946,0.2481,0.2909,-0.2293,0.2393,0.3592,0.1842,0.2013,0.2878,-0.221,0.1911,0.0,0.1,4.498,4.505,4.541,4.541
0,4,1790610942.126,0.3432,0.1965,0.2466,0.2908,-0.2283,0.2388,0.3572,0.1834,0.2014,0.2875,-0.2209,0.1929,0.1,0.1,4.506,4.508,4.541,4.541
0,5,1790610942.159,0.342,0.198,0.2454,0.2909,-0.2275,0.2384,0.3547,0.1823,0.2035,0.2873,-0.2209,0.1955,0.1,0.1,4.504,4.509,4.541,4.541
0,6,1790610942.193,0.3407,0.1991,0.2446,0.2908,-0.2268,0.238,0.3517,0.1811,0.2074,0.2871,-0.2211,0.199,0.1,0.1,4.495,4.514,4.541,4.541
0,7,1790610942.227,0.3399,0.2002,0.244,0.2907,-0.2261,0.2378,0.3484,0.18,0.2128,0.2871,-0.2214,0.2031,0.1,0.0,4.511,4.513,4.541,4.541
0,8,1790610942.261,0.3394,0.201,0.2428,0.2905,-0.2259,0.2375,0.3451,0.1792,0.219,0.2872,-0.2218,0.2076,0.1,0.0,4.506,4.515,4.541,4.541
0,9,1790610942.294,0.3394,0.2016,0.2427,0.2904,-0.2253,0.2376,0.3451,0.1792,0.219,0.2872,-0.2218,0.2076,0.0,0.0,4.496,4.526,4.541,4.541
0,10,1790610942.327,0.3394,0.2024,0.2422,0.2902,-0.225,0.2374,0.3421,0.179,0.2258,0.2874,-0.2222,0.2125,0.0,0.0,4.498,4.52,4.541,4.541
0,11,1790610942.361,0.339,0.2027,0.2424,0.2902,-0.225,0.2375,0.3393,0.1795,0.2328,0.2876,-0.2227,0.2177,0.0,0.0,4.496,4.512,4.541,4.541
0,12,1790610942.394,0.3392,0.2028,0.2424,0.2901,-0.2249,0.2376,0.3368,0.1806,0.24,0.2878,-0.2232,0.223,0.0,0.0,4.511,4.521,4.541,4.541
0,13,1790610942.428,0.339,0.203,0.2417,0.2898,-0.2248,0.2375,0.3347,0.1823,0.247,0.288,-0.2236,0.2285,0.0,0.0,4.5,4.526,4.541,4.541
0,14,1790610942.461,0.3391,0.203,0.2422,0.29,-0.2251,0.2376,0.3347,0.1823,0.247,0.288,-0.2236,0.2285,0.0,0.0,4.49,4.515,4.541,4.541
0,15,1790610942.495,0.339,0.2028,0.242,0.29,-0.2251,0.2378,0.3331,0.1847,0.2537,0.2882,-0.224,0.2339,0.0,0.0,4.482,4.509,4.541,4.541
0,16,1790610942.528,0.3389,0.2029,0.2419,0.29,-0.225,0.2376,0.3319,0.1876,0.2599,0.2884,-0.2244,0.2392,0.0,0.0,4.488,4.496,4.541,4.541
0,17,1790610942.565,0.3389,0.2029,0.2423,0.2899,-0.2248,0.2374,0.3319,0.1876,0.2599,0.2884,-0.2244,0.2392,0.0,0.0,4.491,4.512,4.541,4.541
0,18,1790610942.598,0.3387,0.2028,0.2419,0.2897,-0.2246,0.2376,0.3311,0.1909,0.2657,0.2885,-0.2248,0.2442,0.0,0.0,4.473,4.517,4.541,4.541
0,19,1790610942.631,0.3389,0.2029,0.242,0.2898,-0.2248,0.2374,0.3305,0.1945,0.271,0.2887,-0.2252,0.2489,0.0,0.0,4.509,4.519,4.541,4.541
0,20,1790610942.665,0.3389,0.203,0.2417,0.2898,-0.2247,0.2376,0.3305,0.1945,0.271,0.2887,-0.2252,0.2489,0.0,0.0,4.488,4.507,4.541,4.541
0,21,1790610942.698,0.339,0.2028,0.2418,0.2897,-0.225,0.2375,0.3303,0.1984,0.2756,0.2889,-0.2256,0.2532,0.0,0.0,4.496,4.515,4.541,4.541
0,22,1790610942.731,0.3391,0.2028,0.2421,0.29,-0.2246,0.2374,0.3304,0.2024,0.2796,0.289,-0.226,0.2571,0.0,0.0,4.488,4.51,4.541,4.541
0,23,1790610942.765,0.3389,0.2029,0.2417,0.2898,-0.225,0.2374,0.3304,0.2024,0.2796,0.289,-0.226,0.2571,0.0,0.0,4.488,4.517,4.541,4.541
0,24,1790610942.798,0.3389,0.203,0.2417,0.2897,-0.225,0.2376,0.3308,0.2066,0.2827,0.2892,-0.2264,0.2604,0.1,0.0,4.487,4.517,4.541,4.541
0,25,1790610942.832,0.3388,0.2029,0.2417,0.2898,-0.2251,0.2373,0.3314,0.2108,0.285,0.2894,-0.2267,0.2631,0.0,0.0,4.483,4.511,4.541,4.541
0,26,1790610942.865,0.339,0.2031,0.2416,0.2895,-0.225,0.2374,0.3314,0.2108,0.285,0.2894,-0.2267,0.2631,0.0,0.0,4.499,4.513,4.541,4.541
0,27,1790610942.899,0.3389,0.2029,0.2416,0.2897,-0.225,0.2376,0.3322,0.2148,0.2865,0.2897,-0.2271,0.2652,0.0,0.0,4.48,4.515,4.541,4.541
0,28,1790610942.932,0.3387,0.2031,0.2419,0.2899,-0.2251,0.2377,0.333,0.2186,0.2872,0.2899,-0.2274,0.2666,0.0,0.0,4.481,4.516,4.541,4.541
0,29,1790610942.966,0.3389,0.2031,0.2414,0.2898,-0.2251,0.2376,0.3338,0.2219,0.2872,0.2902,-0.2277,0.2675,0.1,0.0,4.496,4.512,4.541,4.541
1,0,1790610943.795,0.3287,0.2226,0.2939,0.29,-0.2284,0.2746,0.3379,0.2255,0.2461,0.2909,-0.2277,0.2482,6.5,0.2,4.498,4.435,4.541,4.541
1,1,1790610943.829,0.329,0.2223,0.2929,0.2908,-0.2278,0.2742,0.3378,0.2248,0.2444,0.2909,-0.2276,0.2474,0.1,0.0,4.512,4.466,4.541,4.541
1,2,1790610943.863,0.3292,0.2217,0.2917,0.2911,-0.2276,0.2737,0.3373,0.2241,0.2439,0.2907,-0.2275,0.2478,0.1,0.1,4.508,4.445,4.541,4.418
1,3,1790610943.896,0.3293,0.2208,0.2907,0.2913,-0.2274,0.2733,0.3373,0.2241,0.2439,0.2907,-0.2275,0.2478,0.0,0.0,4.506,4.451,4.541,4.418
1,4,1790610943.929,0.3297,0.22,0.2898,0.2913,-0.2275,0.2729,0.3361,0.2233,0.2454,0.2904,-0.2273,0.2492,0.1,0.1,4.479,4.416,4.541,4.418
1,5,1790610943.963,0.3301,0.2194,0.2888,0.2911,-0.2277,0.2727,0.3345,0.2225,0.2483,0.2902,-0.2272,0.2512,0.0,0.0,4.5,4.443,4.541,4.418
1,6,1790610943.996,0.3302,0.2186,0.2881,0.291,-0.2277,0.2723,0.3329,0.222,0.2522,0.2901,-0.2272,0.2538,0.0,0.0,4.495,4.436,4.541,4.418
1,7,1790610944.030,0.3305,0.2181,0.2875,0.2907,-0.228,0.272,0.3329,0.222,0.2522,0.2901,-0.2272,0.2538,0.0,0.0,4.49,4.419,4.541,4.418
1,8,1790610944.063,0.3309,0.2175,0.287,0.2905,-0.2281,0.2714,0.3314,0.2217,0.2568,0.2901,-0.2273,0.2568,0.0,0.0,4.494,4.416,4.541,4.418
1,9,1790610944.097,0.3311,0.2173,0.2862,0.2905,-0.2285,0.2712,0.3314,0.2217,0.2568,0.2901,-0.2273,0.2568,0.0,0.0,4.491,4.431,4.541,4.418
1,10,1790610944.130,0.3314,0.2169,0.2857,0.2901,-0.2285,0.271,0.33,0.2215,0.262,0.2901,-0.2274,0.2601,0.0,0.0,4.493,4.423,4.541,4.418
1,11,1790610944.163,0.3316,0.2167,0.2852,0.2902,-0.2287,0.2706,0.3288,0.2216,0.2676,0.2901,-0.2275,0.2638,0.0,0.0,4.485,4.411,4.541,4.418
1,12,1790610944.197,0.3316,0.2166,0.285,0.2899,-0.2286,0.2704,0.3277,0.2217,0.2735,0.29,-0.2276,0.2676,0.0,0.0,4.483,4.41,4.541,4.418
1,13,1790610944.230,0.3318,0.2168,0.2846,0.2899,-0.2286,0.2702,0.3268,0.222,0.2796,0.2898,-0.2276,0.2715,0.0,0.0,4.494,4.388,4.541,4.418
1,14,1790610944.264,0.3318,0.2166,0.2848,0.2901,-0.2286,0.2701,0.3268,0.222,0.2796,0.2898,-0.2276,0.2715,0.0,0.0,4.483,4.409,4.541,4.418
1,15,1790610944.297,0.3319,0.2167,0.2844,0.2901,-0.2286,0.2699,0.326,0.2224,0.2857,0.2897,-0.2277,0.2753,0.0,0.0,4.488,4.402,4.541,4.418
1,16,1790610944.332,0.3321,0.2166,0.2845,0.2898,-0.2288,0.2696,0.326,0.2224,0.2857,0.2897,-0.2277,0.2753,0.0,0.0,4.486,4.404,4.541,4.418
1,17,1790610944.365,0.3321,0.2166,0.2843,0.2899,-0.2286,0.2695,0.3254,0.2228,0.2917,0.2895,-0.2278,0.2791,0.0,0.0,4.491,4.39,4.541,4.418
1,18,1790610944.398,0.332,0.2166,0.2843,0.2899,-0.2286,0.2695,0.325,0.2232,0.2975,0.2893,-0.228,0.2826,0.1,0.0,4.49,4.392,4.541,4.418
1,19,1790610944.432,0.3319,0.2165,0.2842,0.2898,-0.2286,0.2697,0.3246,0.2237,0.3031,0.2891,-0.2282,0.2859,0.0,0.0,4.482,4.376,4.541,4.418
1,20,1790610944.465,0.3321,0.2167,0.2842,0.29,-0.2286,0.2695,0.3244,0.2241,0.3083,0.2889,-0.2284,0.2888,0.0,0.0,4.486,4.373,4.541,4.418
1,21,1790610944.499,0.3319,0.2167,0.2844,0.29,-0.2283,0.2696,0.3242,0.2245,0.3131,0.2887,-0.2286,0.2914,0.0,0.0,4.48,4.377,4.541,4.418
1,22,1790610944.532,0.332,0.2167,0.2846,0.2897,-0.2286,0.2696,0.3242,0.2245,0.3131,0.2887,-0.2286,0.2914,0.0,0.0,4.495,4.391,4.541,4.418
1,23,1790610944.566,0.332,0.2168,0.2843,0.2897,-0.2286,0.2695,0.3241,0.2247,0.3174,0.2886,-0.229,0.2936,0.0,0.1,4.486,4.344,4.541,4.418
1,24,1790610944.600,0.332,0.2169,0.2843,0.2897,-0.2286,0.2693,0.3241,0.2249,0.3211,0.2884,-0.2292,0.2952,0.0,0.0,4.483,4.349,4.541,4.418
1,25,1790610944.633,0.332,0.2169,0.2843,0.2898,-0.2285,0.2694,0.3241,0.2249,0.3211,0.2884,-0.2292,0.2952,0.0,0.0,4.481,4.35,4.541,4.418
1,26,1790610944.667,0.332,0.2168,0.2842,0.2898,-0.2286,0.2694,0.3242,0.225,0.3241,0.2883,-0.2295,0.2964,0.0,0.0,4.486,4.355,4.541,4.418
1,27,1790610944.700,0.3321,0.2169,0.2843,0.2898,-0.2286,0.2694,0.3245,0.225,0.3265,0.2883,-0.2298,0.297,0.0,0.1,4.495,4.357,4.541,4.418
1,28,1790610944.733,0.3318,0.2167,0.2844,0.2897,-0.2286,0.2695,0.3248,0.225,0.3281,0.2883,-0.2302,0.2971,0.0,0.0,4.464,4.346,4.541,4.418
1,29,1790610944.769,0.332,0.2169,0.2843,0.2901,-0.2286,0.2694,0.3252,0.2248,0.3291,0.2884,-0.2305,0.2968,0.0,0.0,4.49,4.358,4.541,4.418
2,0,1790610945.589,0.3233,0.22,0.3325,0.2861,-0.2282,0.301,0.3334,0.2175,0.2962,0.2899,-0.2311,0.2709,1.5,0.2,4.447,4.461,4.418,4.418
2,1,1790610945.623,0.3235,0.2188,0.3314,0.2863,-0.2273,0.3,0.3336,0.2172,0.2946,0.2899,-0.231,0.2702,0.1,0.0,4.456,4.465,4.418,4.418
2,2,1790610945.656,0.3243,0.2178,0.3299,0.2861,-0.2269,0.299,0.3333,0.2168,0.2939,0.2896,-0.2307,0.2706,0.0,0.0,4.469,4.459,4.418,4.418
2,3,1790610945.690,0.3249,0.217,0.3286,0.286,-0.2265,0.2982,0.3327,0.2164,0.2945,0.2891,-0.2302,0.2719,0.0,0.0,4.476,4.475,4.418,4.418
2,4,1790610945.723,0.3253,0.2161,0.328,0.2861,-0.2262,0.2975,0.3327,0.2164,0.2945,0.2891,-0.2302,0.2719,0.0,0.0,4.472,4.468,4.418,4.418
2,5,1790610945.757,0.3256,0.2153,0.3272,0.2858,-0.2257,0.2969,0.3318,0.2158,0.2961,0.2885,-0.2296,0.2741,0.0,0.0,4.457,4.469,4.418,4.418
2,6,1790610945.791,0.3257,0.2149,0.3268,0.2854,-0.2255,0.2966,0.3309,0.2152,0.2985,0.2878,-0.2289,0.2769,0.0,0.1,4.45,4.467,4.418,4.418
2,7,1790610945.824,0.3263,0.2146,0.3263,0.2853,-0.2253,0.2963,0.3309,0.2152,0.2985,0.2878,-0.2289,0.2769,0.0,0.0,4.468,4.472,4.418,4.418
2,8,1790610945.857,0.3265,0.2144,0.3262,0.2852,-0.2254,0.2959,0.3299,0.2146,0.3016,0.287,-0.2279,0.2801,0.0,0.0,4.469,4.468,4.418,4.418
2,9,1790610945.891,0.3266,0.214,0.3258,0.285,-0.2253,0.2957,0.3289,0.214,0.3054,0.2861,-0.2269,0.2836,0.0,0.0,4.467,4.469,4.418,4.418
2,10,1790610945.924,0.3266,0.2138,0.3258,0.2849,-0.225,0.2955,0.3279,0.2135,0.3097,0.2853,-0.226,0.2874,0.0,0.0,4.449,4.46,4.418,4.418
2,11,1790610945.958,0.327,0.2138,0.3256,0.2846,-0.2251,0.2953,0.3279,0.2135,0.3097,0.2853,-0.226,0.2874,0.0,0.0,4.453,4.463,4.418,4.418
2,12,1790610945.991,0.327,0.2135,0.3253,0.2845,-0.225,0.2951,0.327,0.213,0.3143,0.2845,-0.225,0.2913,0.0,0.0,4.473,4.468,4.418,4.418
2,13,1790610946.025,0.327,0.2135,0.3253,0.2847,-0.2249,0.295,0.3261,0.2126,0.3192,0.2837,-0.2242,0.2951,0.1,0.0,4.459,4.462,4.418,4.418
2,14,1790610946.058,0.3271,0.2136,0.3252,0.2844,-0.2249,0.2948,0.3261,0.2126,0.3192,0.2837,-0.2242,0.2951,0.0,0.0,4.447,4.469,4.418,4.418
2,15,1790610946.091,0.3271,0.2134,0.3252,0.2844,-0.2248,0.2947,0.3252,0.2124,0.3243,0.283,-0.2234,0.2988,0.0,0.0,4.457,4.466,4.418,4.418
2,16,1790610946.125,0.3273,0.2136,0.3251,0.2845,-0.2246,0.2945,0.3243,0.2121,0.3294,0.2823,-0.2228,0.3023,0.0,0.0,4.456,4.47,4.418,4.418
2,17,1790610946.160,0.3272,0.2137,0.3251,0.2844,-0.2245,0.2945,0.3234,0.212,0.3345,0.2816,-0.2223,0.3056,0.0,0.0,4.443,4.475,4.418,4.418
2,18,1790610946.193,0.3272,0.2137,0.3247,0.2843,-0.2244,0.2944,0.3234,0.212,0.3345,0.2816,-0.2223,0.3056,0.0,0.0,4.451,4.479,4.418,4.418
2,19,1790610946.226,0.3274,0.2138,0.3248,0.2843,-0.2244,0.2941,0.3225,0.2119,0.3395,0.2811,-0.222,0.3086,0.0,0.0,4.451,4.477,4.418,4.418
2,20,1790610946.260,0.3274,0.2139,0.3246,0.2842,-0.2245,0.2943,0.3217,0.212,0.3442,0.2807,-0.2218,0.3112,0.0,0.0,4.444,4.464,4.418,4.418
2,21,1790610946.293,0.3275,0.214,0.3244,0.2842,-0.2244,0.2938,0.321,0.2121,0.3486,0.2803,-0.2217,0.3134,0.0,0.0,4.442,4.469,4.418,4.418
2,22,1790610946.327,0.3276,0.2136,0.3243,0.2842,-0.2244,0.2938,0.3202,0.2123,0.3526,0.2801,-0.2217,0.3152,0.0,0.0,4.438,4.474,4.418,4.418
2,23,1790610946.360,0.3274,0.2136,0.3244,0.2842,-0.2242,0.2938,0.3202,0.2123,0.3526,0.2801,-0.2217,0.3152,0.0,0.0,4.437,4.464,4.418,4.418
2,24,1790610946.394,0.3275,0.2138,0.3241,0.2841,-0.2243,0.2938,0.3196,0.2125,0.3562,0.28,-0.2219,0.3165,0.0,0.0,4.439,4.474,4.418,4.418
2,25,1790610946.427,0.3276,0.2137,0.3243,0.284,-0.224,0.2938,0.3191,0.2129,0.3592,0.28,-0.2222,0.3173,0.0,0.0,4.441,4.462,4.418,4.418
2,26,1790610946.460,0.3275,0.2137,0.3241,0.2838,-0.2239,0.2937,0.3191,0.2129,0.3592,0.28,-0.2222,0.3173,0.0,0.0,4.441,4.47,4.418,4.418
2,27,1790610946.494,0.3275,0.2137,0.324,0.284,-0.224,0.2938,0.3187,0.2132,0.3616,0.2801,-0.2226,0.3176,0.0,0.0,4.433,4.466,4.418,4.418
2,28,1790610946.527,0.3276,0.2137,0.3239,0.2838,-0.2241,0.2936,0.3184,0.2137,0.3635,0.2803,-0.223,0.3175,0.0,0.0,4.44,4.467,4.418,4.418
2,29,1790610946.564,0.3276,0.2138,0.3241,0.2837,-0.224,0.2937,0.3184,0.2137,0.3635,0.2803,-0.223,0.3175,0.0,0.0,4.45,4.477,4.418,4.418
3,0,1790610947.378,0.3196,0.2119,0.3629,0.278,-0.2246,0.3211,0.3267,0.2175,0.3366,0.2839,-0.2255,0.293,2.1,0.1,4.496,4.513,4.418,4.541
3,1,1790610947.411,0.3205,0.2108,0.3612,0.2782,-0.224,0.3206,0.3273,0.2172,0.3338,0.2839,-0.2254,0.2921,0.1,0.0,4.5,4.517,4.418,4.541
3,2,1790610947.445,0.3214,0.2103,0.3595,0.2784,-0.224,0.32,0.3273,0.2172,0.3338,0.2839,-0.2254,0.2921,0.0,0.0,4.502,4.526,4.418,4.541
3,3,1790610947.478,0.3222,0.2094,0.3579,0.2785,-0.2238,0.3189,0.3273,0.2172,0.3338,0.2839,-0.2254,0.2921,0.0,0.0,4.495,4.502,4.418,4.541
3,4,1790610947.512,0.3227,0.2087,0.3578,0.2785,-0.2241,0.3186,0.3273,0.2167,0.3339,0.283,-0.2252,0.2947,0.1,0.1,4.486,4.519,4.541,4.541
3,5,1790610947.545,0.323,0.208,0.3576,0.2785,-0.2241,0.3181,0.3273,0.2167,0.3339,0.283,-0.2252,0.2947,0.0,0.0,4.49,4.51,4.541,4.541
3,6,1790610947.579,0.3232,0.2075,0.3574,0.2786,-0.2238,0.3181,0.327,0.2162,0.3353,0.2821,-0.2249,0.2973,0.0,0.0,4.485,4.499,4.541,4.541
3,7,1790610947.613,0.3233,0.2072,0.3573,0.2787,-0.2238,0.3174,0.3266,0.2155,0.3375,0.2812,-0.2244,0.3004,0.0,0.0,4.505,4.506,4.541,4.541
3,8,1790610947.646,0.3233,0.2069,0.3573,0.2786,-0.2237,0.3175,0.3266,0.2155,0.3375,0.2812,-0.2244,0.3004,0.0,0.0,4.474,4.513,4.541,4.541
3,9,1790610947.679,0.3234,0.2069,0.3572,0.2785,-0.2234,0.3172,0.3261,0.2146,0.3402,0.2802,-0.224,0.3039,0.0,0.0,4.493,4.507,4.418,4.541
3,10,1790610947.712,0.3236,0.2069,0.3569,0.2786,-0.2237,0.3172,0.3261,0.2146,0.3402,0.2802,-0.224,0.3039,0.0,0.0,4.484,4.513,4.418,4.541
3,11,1790610947.746,0.3236,0.2067,0.3568,0.2787,-0.2235,0.3172,0.3255,0.2135,0.3434,0.2792,-0.2235,0.3076,0.0,0.0,4.481,4.515,4.418,4.541
3,12,1790610947.779,0.3238,0.2067,0.3564,0.2788,-0.2236,0.3168,0.3248,0.2122,0.347,0.2783,-0.2231,0.3114,0.0,0.0,4.493,4.517,4.418,4.541
3,13,1790610947.813,0.3238,0.2065,0.3563,0.2786,-0.2237,0.3166,0.3248,0.2122,0.347,0.2783,-0.2231,0.3114,0.0,0.0,4.473,4.503,4.418,4.541
3,14,1790610947.847,0.3236,0.2062,0.3562,0.279,-0.2232,0.3165,0.324,0.2108,0.3508,0.2774,-0.2227,0.3151,0.0,0.0,4.488,4.511,4.418,4.541
3,15,1790610947.879,0.3238,0.2062,0.3559,0.2788,-0.2233,0.3164,0.3232,0.2093,0.3548,0.2765,-0.2224,0.3187,0.0,0.0,4.474,4.505,4.418,4.541
3,16,1790610947.913,0.3238,0.2061,0.3558,0.2789,-0.2232,0.3163,0.3232,0.2093,0.3548,0.2765,-0.2224,0.3187,0.0,0.0,4.482,4.521,4.418,4.541
3,17,1790610947.946,0.3239,0.2058,0.3558,0.2789,-0.2233,0.3161,0.3223,0.2078,0.3588,0.2758,-0.2222,0.3222,0.0,0.0,4.482,4.514,4.418,4.541
3,18,1790610947.980,0.3238,0.2059,0.3554,0.2789,-0.2231,0.3161,0.3223,0.2078,0.3588,0.2758,-0.2222,0.3222,0.0,0.0,4.485,4.52,4.418,4.541
3,19,1790610948.013,0.3237,0.2058,0.3552,0.279,-0.2229,0.3161,0.3213,0.2063,0.3629,0.2752,-0.2221,0.3253,0.0,0.0,4.466,4.53,4.418,4.541
3,20,1790610948.047,0.3237,0.2058,0.3555,0.279,-0.2229,0.3158,0.3204,0.2048,0.3668,0.2747,-0.2221,0.3282,0.0,0.0,4.481,4.509,4.418,4.541
3,21,1790610948.080,0.3238,0.2058,0.3552,0.2789,-0.223,0.3159,0.3204,0.2048,0.3668,0.2747,-0.2221,0.3282,0.0,0.0,4.483,4.526,4.418,4.541
3,22,1790610948.114,0.3238,0.2059,0.3549,0.279,-0.2228,0.3157,0.3194,0.2034,0.3705,0.2744,-0.2221,0.3307,0.0,0.0,4.483,4.51,4.418,4.541
3,23,1790610948.147,0.3238,0.2059,0.3549,0.2789,-0.2229,0.3158,0.3185,0.2021,0.374,0.2742,-0.2223,0.3327,0.0,0.0,4.471,4.511,4.418,4.541
3,24,1790610948.181,0.3236,0.2058,0.3552,0.2787,-0.2226,0.3159,0.3176,0.201,0.3772,0.2741,-0.2225,0.3344,0.0,0.0,4.475,4.518,4.418,4.541
3,25,1790610948.214,0.324,0.2057,0.3548,0.2787,-0.223,0.3158,0.3176,0.201,0.3772,0.2741,-0.2225,0.3344,0.0,0.0,4.478,4.518,4.418,4.541
3,26,1790610948.248,0.3241,0.2059,0.3549,0.2789,-0.2229,0.3157,0.3167,0.2,0.38,0.274,-0.2227,0.3357,0.0,0.0,4.469,4.512,4.418,4.541
3,27,1790610948.282,0.324,0.2058,0.3547,0.2791,-0.2226,0.3156,0.3161,0.1993,0.3824,0.2741,-0.223,0.3365,0.0,0.0,4.479,4.518,4.418,4.541
3,28,1790610948.315,0.3239,0.2058,0.3547,0.279,-0.2226,0.3157,0.3161,0.1993,0.3824,0.2741,-0.223,0.3365,0.0,0.0,4.482,4.509,4.418,4.541
3,29,1790610948.348,0.3241,0.2059,0.3545,0.2789,-0.2227,0.3157,0.3155,0.1988,0.3843,0.2743,-0.2233,0.337,0.0,0.0,4.472,4.515,4.418,4.541
4,0,1790610949.158,0.3181,0.1907,0.3812,0.2712,-0.2195,0.3393,0.3205,0.2035,0.373,0.2785,-0.2248,0.3222,0.1,0.1,4.529,4.494,4.418,4.541
4,1,1790610949.191,0.3203,0.19,0.3785,0.2713,-0.2188,0.3379,0.3208,0.2035,0.3719,0.2786,-0.2247,0.3218,0.1,0.0,4.481,4.495,4.418,4.541
4,2,1790610949.225,0.3223,0.1889,0.3763,0.2712,-0.2181,0.3371,0.321,0.2035,0.3716,0.2783,-0.2246,0.3221,0.1,0.1,4.479,4.461,4.541,4.541
4,3,1790610949.259,0.3242,0.1879,0.374,0.2713,-0.2176,0.336,0.321,0.2035,0.3716,0.2783,-0.2246,0.3221,0.1,0.0,4.502,4.47,4.541,4.541
4,4,1790610949.292,0.3259,0.1868,0.3719,0.271,-0.2172,0.3353,0.321,0.2029,0.372,0.2774,-0.224,0.3233,0.1,0.1,4.486,4.461,4.541,4.541
4,5,1790610949.326,0.327,0.1856,0.3698,0.2711,-0.2167,0.3345,0.321,0.202,0.373,0.2762,-0.2231,0.325,0.1,0.1,4.481,4.475,4.541,4.541
4,6,1790610949.359,0.3287,0.1841,0.3679,0.271,-0.2167,0.3337,0.321,0.202,0.373,0.2762,-0.2231,0.325,0.0,0.0,4.488,4.458,4.541,4.541
4,7,1790610949.393,0.3297,0.183,0.366,0.271,-0.2164,0.3331,0.3212,0.2009,0.3743,0.2748,-0.2218,0.3271,0.1,0.1,4.491,4.463,4.541,4.418
4,8,1790610949.426,0.3305,0.182,0.3645,0.2708,-0.2162,0.3325,0.3212,0.2009,0.3743,0.2748,-0.2218,0.3271,0.1,0.1,4.48,4.463,4.541,4.418
4,9,1790610949.459,0.3312,0.1809,0.3633,0.2708,-0.2159,0.332,0.3217,0.1995,0.3758,0.2733,-0.2203,0.3294,0.1,0.1,4.473,4.448,4.541,4.418
4,10,1790610949.493,0.3315,0.1795,0.3623,0.2705,-0.2155,0.3317,0.3223,0.1979,0.3773,0.2717,-0.2187,0.3318,0.1,0.1,4.474,4.455,4.541,4.418
4,11,1790610949.527,0.332,0.1786,0.3612,0.2704,-0.2155,0.3315,0.3223,0.1979,0.3773,0.2717,-0.2187,0.3318,0.0,0.0,4.481,4.46,4.541,4.418
4,12,1790610949.560,0.3323,0.1776,0.3603,0.2702,-0.2154,0.331,0.323,0.196,0.3787,0.2702,-0.217,0.3341,0.1,0.1,4.482,4.478,4.541,4.418
4,13,1790610949.593,0.3323,0.1769,0.3597,0.2705,-0.2152,0.3308,0.3239,0.1937,0.3799,0.2688,-0.2154,0.3363,0.1,0.0,4.49,4.464,4.541,4.418
4,14,1790610949.627,0.3323,0.1761,0.3589,0.2707,-0.2152,0.3302,0.3239,0.1937,0.3799,0.2688,-0.2154,0.3363,0.0,0.0,4.473,4.463,4.541,4.418
4,15,1790610949.661,0.3325,0.1756,0.3579,0.2705,-0.2152,0.3299,0.3248,0.1911,0.3807,0.2674,-0.2139,0.3384,0.1,0.0,4.486,4.472,4.541,4.418
4,16,1790610949.694,0.3327,0.1747,0.3575,0.2701,-0.2154,0.3298,0.3258,0.1881,0.3811,0.2662,-0.2126,0.3402,0.0,0.0,4.465,4.465,4.541,4.541
4,17,1790610949.727,0.3327,0.1741,0.3571,0.2701,-0.2152,0.3295,0.3267,0.1847,0.3811,0.2652,-0.2114,0.3417,0.0,0.0,4.466,4.472,4.541,4.541
4,18,1790610949.761,0.333,0.1737,0.3567,0.2701,-0.2153,0.3292,0.3267,0.1847,0.3811,0.2652,-0.2114,0.3417,0.0,0.0,4.477,4.484,4.541,4.541
4,19,1790610949.794,0.3327,0.1734,0.3562,0.2699,-0.215,0.3293,0.3277,0.181,0.3806,0.2645,-0.2106,0.3429,0.0,0.0,4.466,4.471,4.541,4.541
4,20,1790610949.827,0.3331,0.1731,0.356,0.2699,-0.2152,0.3289,0.3286,0.1771,0.3796,0.264,-0.2099,0.3438,0.0,0.0,4.48,4.483,4.541,4.541
4,21,1790610949.861,0.3329,0.1727,0.3562,0.27,-0.2152,0.3291,0.3294,0.173,0.3782,0.2637,-0.2096,0.3443,0.0,0.0,4.471,4.47,4.541,4.541
4,22,1790610949.894,0.3333,0.1724,0.356,0.2699,-0.2154,0.329,0.3294,0.173,0.3782,0.2637,-0.2096,0.3443,0.0,0.0,4.472,4.475,4.541,4.541
4,23,1790610949.928,0.3333,0.1722,0.3555,0.2698,-0.2154,0.3291,0.3303,0.1689,0.3764,0.2636,-0.2095,0.3445,0.0,0.0,4.463,4.465,4.541,4.541
4,24,1790610949.961,0.3333,0.172,0.3554,0.2699,-0.2156,0.3289,0.3312,0.1648,0.374,0.2637,-0.2096,0.3445,0.0,0.0,4.467,4.462,4.541,4.541
4,25,1790610949.995,0.3333,0.1721,0.3552,0.2703,-0.2155,0.3287,0.3312,0.1648,0.374,0.2637,-0.2096,0.3445,0.0,0.0,4.475,4.46,4.541,4.541
4,26,1790610950.028,0.3337,0.1721,0.3546,0.27,-0.2156,0.3288,0.332,0.1608,0.3713,0.264,-0.21,0.344,0.0,0.0,4.474,4.45,4.541,4.541
4,27,1790610950.062,0.3337,0.172,0.3547,0.2699,-0.2154,0.3288,0.3329,0.1571,0.3682,0.2646,-0.2107,0.3432,0.0,0.1,4.473,4.459,4.541,4.541
4,28,1790610950.095,0.3338,0.1722,0.3544,0.2702,-0.2153,0.3288,0.3329,0.1571,0.3682,0.2646,-0.2107,0.3432,0.0,0.0,4.468,4.458,4.541,4.541
4,29,1790610950.129,0.3337,0.1719,0.3543,0.2701,-0.2154,0.3288,0.3337,0.1536,0.3649,0.2653,-0.2115,0.3421,0.0,0.0,4.462,4.453,4.541,4.541
5,0,1790610950.944,0.3372,0.156,0.3606,0.2628,-0.2123,0.3465,0.3418,0.1454,0.3211,0.2711,-0.2184,0.3225,0.4,0.4,4.52,4.435,4.418,4.541
5,1,1790610950.977,0.3385,0.1565,0.3586,0.263,-0.2121,0.3459,0.3418,0.1458,0.3208,0.2711,-0.2184,0.3223,0.0,0.0,4.532,4.412,4.418,4.541
5,2,1790610951.011,0.3395,0.1572,0.357,0.2629,-0.2118,0.3458,0.3422,0.1464,0.3211,0.2707,-0.2181,0.3228,0.1,0.1,4.512,4.405,4.541,4.541
5,3,1790610951.044,0.3408,0.1577,0.355,0.2628,-0.2118,0.3452,0.3428,0.1467,0.3215,0.2699,-0.2176,0.3241,0.1,0.1,4.519,4.347,4.541,4.541
5,4,1790610951.078,0.3422,0.1583,0.3531,0.2627,-0.2118,0.3447,0.3428,0.1467,0.3215,0.2699,-0.2176,0.3241,0.1,0.0,4.519,4.172,4.541,4.541
5,5,1790610951.111,0.3432,0.1585,0.3515,0.2626,-0.2116,0.3442,0.3437,0.1469,0.3221,0.2689,-0.2167,0.3259,0.1,0.0,4.505,3.913,4.541,4.418
5,6,1790610951.144,0.3437,0.1585,0.3508,0.2626,-0.2114,0.3439,0.3437,0.1469,0.3221,0.2689,-0.2167,0.3259,0.0,0.0,4.488,3.537,4.541,4.418
5,7,1790610951.178,0.3438,0.1585,0.3507,0.2621,-0.211,0.3439,0.3448,0.147,0.3228,0.2677,-0.2156,0.328,0.0,0.1,4.365,3.167,4.541,4.173
5,8,1790610951.211,0.3439,0.1585,0.3506,0.262,-0.2108,0.3436,0.3448,0.147,0.3228,0.2677,-0.2156,0.328,0.0,0.0,4.206,2.833,4.541,4.173
5,9,1790610951.245,0.344,0.1584,0.3505,0.2618,-0.2106,0.3437,0.346,0.1471,0.3236,0.2664,-0.2145,0.3304,0.0,0.0,3.863,2.44,4.541,3.682
5,10,1790610951.278,0.344,0.1583,0.3504,0.2616,-0.2105,0.3435,0.3472,0.1471,0.3246,0.2651,-0.2133,0.333,0.0,0.0,3.461,2.006,4.418,3.068
5,11,1790610951.312,0.3443,0.1582,0.3502,0.2614,-0.2103,0.3434,0.3472,0.1471,0.3246,0.2651,-0.2133,0.333,0.0,0.0,3.031,1.597,4.418,3.068
5,12,1790610951.345,0.3442,0.1578,0.3504,0.2611,-0.2102,0.3435,0.3483,0.1472,0.3258,0.2636,-0.2121,0.3357,0.0,0.0,2.574,1.11,4.05,2.455
5,13,1790610951.378,0.3445,0.1579,0.3503,0.261,-0.2102,0.3434,0.3493,0.1473,0.3273,0.2622,-0.2108,0.3384,0.0,0.0,2.163,0.838,3.191,1.595
5,14,1790610951.412,0.3446,0.158,0.3504,0.2614,-0.21,0.3432,0.3493,0.1473,0.3273,0.2622,-0.2108,0.3384,0.0,0.0,1.829,0.837,3.191,1.595
5,15,1790610951.445,0.3446,0.1579,0.3505,0.2612,-0.2097,0.3436,0.35,0.1473,0.3292,0.2608,-0.2097,0.3412,0.0,0.1,1.441,0.909,2.332,0.859
5,16,1790610951.479,0.3448,0.1581,0.3505,0.2611,-0.2095,0.3434,0.3505,0.1473,0.3313,0.2594,-0.2086,0.344,0.0,0.0,1.147,0.925,1.718,0.614
5,17,1790610951.512,0.3448,0.158,0.3504,0.2611,-0.2093,0.3436,0.3505,0.1473,0.3313,0.2594,-0.2086,0.344,0.0,0.0,0.835,0.888,1.718,0.614
5,18,1790610951.545,0.3451,0.158,0.3505,0.261,-0.209,0.3435,0.3507,0.1475,0.3338,0.2581,-0.2076,0.3465,0.0,0.0,0.608,0.898,1.105,0.736
5,19,1790610951.579,0.3451,0.158,0.3506,0.2608,-0.2092,0.3435,0.3507,0.1476,0.3366,0.257,-0.2068,0.3489,0.0,0.0,0.303,0.856,0.736,0.859
5,20,1790610951.612,0.3452,0.1583,0.3504,0.2608,-0.2089,0.3434,0.3505,0.1479,0.3396,0.2561,-0.2061,0.3511,0.0,0.0,0.184,0.844,0.491,0.859
5,21,1790610951.645,0.3453,0.1583,0.3505,0.2606,-0.2086,0.3434,0.3505,0.1479,0.3396,0.2561,-0.2061,0.3511,0.0,0.0,0.166,0.744,0.491,0.859
5,22,1790610951.679,0.3453,0.1584,0.3503,0.2607,-0.2083,0.3435,0.3501,0.1482,0.3428,0.2553,-0.2054,0.353,0.0,0.0,0.053,0.69,0.368,0.859
5,23,1790610951.712,0.3454,0.1584,0.3502,0.2608,-0.208,0.3434,0.3501,0.1482,0.3428,0.2553,-0.2054,0.353,0.0,0.0,0.044,0.689,0.368,0.859
5,24,1790610951.746,0.3459,0.1585,0.3501,0.2607,-0.2079,0.3432,0.3495,0.1486,0.3462,0.2547,-0.2052,0.3547,0.0,0.0,0.063,0.962,0.123,0.736
5,25,1790610951.779,0.3458,0.1584,0.3501,0.2608,-0.2075,0.3431,0.3487,0.1491,0.3497,0.2543,-0.205,0.3561,0.0,0.0,0.098,1.151,0.0,0.614
5,26,1790610951.813,0.3458,0.1583,0.3499,0.2607,-0.2073,0.3432,0.3487,0.1491,0.3497,0.2543,-0.205,0.3561,0.0,0.0,0.141,1.587,0.0,0.614
5,27,1790610951.846,0.346,0.1584,0.3497,0.2608,-0.2067,0.3431,0.3478,0.1497,0.3531,0.254,-0.2049,0.3571,0.0,0.0,0.359,1.864,0.0,0.736
5,28,1790610951.880,0.346,0.1584,0.3494,0.2606,-0.2065,0.3429,0.3468,0.1504,0.3566,0.254,-0.2049,0.3578,0.0,0.0,0.454,2.079,0.123,1.35
5,29,1790610951.913,0.346,0.1586,0.349,0.2608,-0.2065,0.3431,0.3457,0.1512,0.36,0.2541,-0.2049,0.3581,0.0,0.0,0.774,2.292,0.368,2.086
6,0,1790610952.729,0.342,0.1538,0.3602,0.2525,-0.2038,0.3632,0.3375,0.1652,0.3825,0.2591,-0.2055,0.3491,0.1,0.0,0.86,3.191,0.859,2.332
6,1,1790610952.763,0.3425,0.1548,0.3573,0.2534,-0.2034,0.3624,0.3375,0.1652,0.3825,0.2591,-0.2055,0.3491,0.0,0.1,1.045,3.227,0.859,2.332
6,2,1790610952.797,0.3427,0.1552,0.3545,0.2541,-0.2028,0.3619,0.3376,0.1655,0.3822,0.2592,-0.2054,0.3489,0.0,0.1,1.306,3.217,0.859,2.332
6,3,1790610952.829,0.3433,0.1563,0.3518,0.2544,-0.2026,0.3614,0.3376,0.1657,0.3821,0.2589,-0.2052,0.3492,0.1,0.0,1.688,3.23,0.982,2.823
6,4,1790610952.863,0.344,0.1568,0.3497,0.2548,-0.2024,0.3607,0.3376,0.1657,0.3821,0.2589,-0.2052,0.3492,0.1,0.1,2.071,3.22,0.982,2.823
6,5,1790610952.896,0.3445,0.1576,0.3476,0.255,-0.2026,0.3603,0.3373,0.1657,0.3821,0.2583,-0.2045,0.3501,0.1,0.1,2.449,3.189,1.227,3.559
6,6,1790610952.929,0.3449,0.1581,0.3455,0.2554,-0.2023,0.3599,0.3369,0.1655,0.3821,0.2576,-0.2036,0.3512,0.1,0.0,2.762,3.212,1.964,3.436
6,7,1790610952.963,0.3455,0.1591,0.3437,0.2556,-0.2024,0.3595,0.3369,0.1655,0.3821,0.2576,-0.2036,0.3512,0.0,0.1,2.974,3.19,1.964,3.436
6,8,1790610952.996,0.3457,0.1596,0.3419,0.2558,-0.2024,0.3592,0.3365,0.1652,0.3819,0.2569,-0.2029,0.3526,0.0,0.0,3.073,3.173,2.577,3.191
6,9,1790610953.030,0.346,0.1599,0.3401,0.2559,-0.2021,0.3588,0.3362,0.1647,0.3813,0.2563,-0.2022,0.3542,0.0,0.0,3.121,3.158,3.068,3.068
6,10,1790610953.063,0.3463,0.1606,0.3381,0.2563,-0.2018,0.3584,0.336,0.1642,0.3801,0.2557,-0.2015,0.3559,0.0,0.0,3.123,3.175,3.068,3.068
6,11,1790610953.097,0.3465,0.1614,0.3363,0.2566,-0.2017,0.3581,0.336,0.1642,0.3801,0.2557,-0.2015,0.3559,0.1,0.0,3.124,3.161,3.191,3.068
6,12,1790610953.130,0.3468,0.1622,0.3348,0.2567,-0.2014,0.3579,0.3361,0.1635,0.3785,0.2551,-0.201,0.3577,0.0,0.0,3.1,3.188,3.191,3.068
6,13,1790610953.163,0.3473,0.1636,0.3333,0.2569,-0.2013,0.3578,0.3364,0.1629,0.3762,0.2547,-0.2006,0.3595,0.0,0.0,3.039,3.169,3.191,3.191
6,14,1790610953.197,0.3477,0.1646,0.3317,0.2573,-0.2008,0.3571,0.3364,0.1629,0.3762,0.2547,-0.2006,0.3595,0.0,0.1,2.989,3.162,3.191,3.191
6,15,1790610953.230,0.3484,0.1662,0.3304,0.2573,-0.2005,0.3566,0.337,0.1623,0.3733,0.2543,-0.2003,0.3612,0.0,0.0,2.919,3.138,3.191,3.191
6,16,1790610953.264,0.3491,0.1681,0.3291,0.2575,-0.2003,0.3561,0.337,0.1623,0.3733,0.2543,-0.2003,0.3612,0.1,0.0,2.878,3.106,3.191,3.191
6,17,1790610953.297,0.35,0.17,0.3276,0.258,-0.2,0.3557,0.338,0.1618,0.3697,0.254,-0.2,0.3629,0.0,0.0,2.819,3.069,3.068,3.191
6,18,1790610953.331,0.3506,0.1722,0.3264,0.258,-0.1996,0.355,0.3392,0.1615,0.3653,0.2537,-0.1998,0.3644,0.0,0.0,2.777,3.045,2.945,3.191
6,19,1790610953.364,0.3513,0.1745,0.3254,0.2581,-0.1994,0.3545,0.3409,0.1615,0.3602,0.2535,-0.1997,0.3658,0.0,0.0,2.73,2.99,2.823,3.068
6,20,1790610953.397,0.3523,0.1767,0.3243,0.2583,-0.1993,0.354,0.3409,0.1615,0.3602,0.2535,-0.1997,0.3658,0.1,0.0,2.675,2.944,2.823,3.068
6,21,1790610953.431,0.3528,0.1786,0.3235,0.2585,-0.199,0.3535,0.343,0.1619,0.3544,0.2534,-0.1994,0.3669,0.0,0.0,2.62,2.896,2.823,2.945
6,22,1790610953.464,0.3536,0.1803,0.3223,0.2589,-0.1988,0.3529,0.343,0.1619,0.3544,0.2534,-0.1994,0.3669,0.0,0.0,2.579,2.825,2.823,2.945
6,23,1790610953.498,0.3539,0.1823,0.3215,0.2591,-0.1986,0.3525,0.3454,0.1629,0.3479,0.2533,-0.1991,0.3677,0.0,0.0,2.533,2.732,2.7,2.945
6,24,1790610953.531,0.3548,0.1847,0.3202,0.2595,-0.1988,0.352,0.3482,0.1644,0.3407,0.2534,-0.199,0.3683,0.1,0.1,2.511,2.635,2.577,2.823
6,25,1790610953.565,0.3552,0.1855,0.3197,0.2597,-0.1987,0.3516,0.3482,0.1644,0.3407,0.2534,-0.199,0.3683,0.0,0.0,2.461,2.485,2.577,2.823
6,26,1790610953.598,0.3554,0.1864,0.3189,0.26,-0.1987,0.3513,0.3511,0.1664,0.3328,0.2536,-0.1988,0.3685,0.1,0.1,2.44,2.22,2.577,2.7
6,27,1790610953.632,0.3556,0.1873,0.3179,0.2601,-0.1982,0.3507,0.3539,0.1689,0.3245,0.2538,-0.1985,0.3683,0.1,0.1,2.428,2.077,2.577,2.577
6,28,1790610953.665,0.356,0.1885,0.3173,0.2605,-0.198,0.35,0.3539,0.1689,0.3245,0.2538,-0.1985,0.3683,0.0,0.0,2.421,1.849,2.577,2.577
6,29,1790610953.698,0.3565,0.1901,0.3163,0.2606,-0.1981,0.3495,0.3565,0.1717,0.3159,0.2542,-0.1983,0.3678,0.1,0.1,2.378,1.596,2.577,2.332
7,0,1790610954.512,0.3544,0.1783,0.3143,0.2529,-0.1986,0.3714,0.3589,0.2114,0.2292,0.2644,-0.1944,0.3426,0.4,0.4,2.008,2.332,2.455,1.595
7,1,1790610954.546,0.3542,0.1791,0.3142,0.2534,-0.1981,0.3708,0.3589,0.2114,0.2298,0.2645,-0.1943,0.3423,0.0,0.0,1.99,2.338,2.455,1.595
7,2,1790610954.579,0.3541,0.1802,0.3134,0.2541,-0.198,0.3703,0.3587,0.2113,0.2311,0.2644,-0.1943,0.3425,0.0,0.0,1.955,2.334,2.209,2.086
7,3,1790610954.613,0.3542,0.1809,0.3129,0.2544,-0.1979,0.3696,0.3583,0.2105,0.2333,0.264,-0.1941,0.3433,0.0,0.0,1.948,2.352,1.841,2.455
7,4,1790610954.646,0.3542,0.1818,0.3118,0.2547,-0.1978,0.369,0.3583,0.2105,0.2333,0.264,-0.1941,0.3433,0.0,0.0,1.928,2.344,1.841,2.455
7,5,1790610954.680,0.3542,0.1828,0.311,0.2552,-0.1978,0.3681,0.3578,0.2092,0.2361,0.2635,-0.1939,0.3447,0.0,0.0,1.939,2.338,1.841,2.455
7,6,1790610954.713,0.3541,0.1844,0.3103,0.2556,-0.1976,0.3673,0.3578,0.2092,0.2361,0.2635,-0.1939,0.3447,0.0,0.0,1.927,2.34,1.841,2.455
7,7,1790610954.746,0.3543,0.1857,0.3093,0.256,-0.1974,0.366,0.3572,0.2073,0.2395,0.2629,-0.1939,0.3466,0.0,0.1,1.94,2.325,1.841,2.332
7,8,1790610954.780,0.3542,0.1876,0.3087,0.2564,-0.1971,0.3649,0.3565,0.2049,0.2435,0.2621,-0.194,0.3488,0.0,0.1,1.945,2.348,1.841,2.209
7,9,1790610954.814,0.3541,0.1892,0.3075,0.2569,-0.1972,0.3635,0.3559,0.2021,0.2481,0.2613,-0.1941,0.3514,0.0,0.1,1.939,2.325,1.841,2.209
7,10,1790610954.847,0.3541,0.1909,0.3064,0.2574,-0.197,0.362,0.3559,0.2021,0.2481,0.2613,-0.1941,0.3514,0.0,0.0,1.964,2.336,1.841,2.209
7,11,1790610954.880,0.3538,0.1924,0.3057,0.2573,-0.1968,0.3607,0.3553,0.1993,0.2531,0.2603,-0.1942,0.3541,0.0,0.1,1.946,2.319,1.841,2.209
7,12,1790610954.914,0.3534,0.1942,0.3044,0.258,-0.1968,0.3589,0.3549,0.1965,0.2586,0.2593,-0.1943,0.3569,0.0,0.0,1.964,2.337,1.964,2.209
7,13,1790610954.947,0.3532,0.1953,0.3035,0.2583,-0.1963,0.3571,0.3544,0.1936,0.2643,0.2583,-0.1944,0.3596,0.0,0.0,1.996,2.331,1.964,2.209
7,14,1790610954.981,0.3527,0.1965,0.3028,0.2583,-0.1963,0.3562,0.3539,0.1909,0.2702,0.2572,-0.1945,0.3622,0.0,0.0,2.001,2.35,1.964,2.209
7,15,1790610955.014,0.3522,0.1977,0.3018,0.2586,-0.196,0.3551,0.3539,0.1909,0.2702,0.2572,-0.1945,0.3622,0.0,0.0,2.0,2.335,1.964,2.209
7,16,1790610955.048,0.352,0.1988,0.301,0.2585,-0.196,0.3541,0.3535,0.1886,0.2763,0.2562,-0.1946,0.3646,0.0,0.0,2.001,2.341,1.964,2.209
7,17,1790610955.081,0.3515,0.2,0.3,0.2586,-0.1955,0.3531,0.3529,0.1865,0.2825,0.2553,-0.1946,0.3667,0.1,0.1,1.983,2.341,1.964,2.332
7,18,1790610955.114,0.3512,0.2009,0.2989,0.2588,-0.1956,0.3521,0.3529,0.1865,0.2825,0.2553,-0.1946,0.3667,0.0,0.0,1.982,2.346,1.964,2.332
7,19,1790610955.148,0.3509,0.2024,0.298,0.2591,-0.1951,0.3505,0.3523,0.1848,0.2887,0.2544,-0.1947,0.3684,0.1,0.0,1.981,2.358,1.964,2.332
7,20,1790610955.181,0.3509,0.203,0.2965,0.2592,-0.1953,0.3486,0.3523,0.1848,0.2887,0.2544,-0.1947,0.3684,0.0,0.1,2.006,2.356,1.964,2.332
7,21,1790610955.215,0.3506,0.2041,0.2953,0.2596,-0.1954,0.347,0.3516,0.1835,0.2948,0.2536,-0.1947,0.3696,0.1,0.0,2.017,2.352,1.964,2.332
7,22,1790610955.248,0.3503,0.2045,0.2945,0.2596,-0.1955,0.3457,0.3508,0.1826,0.3006,0.253,-0.1948,0.3702,0.1,0.1,2.021,2.368,1.964,2.332
7,23,1790610955.282,0.3503,0.2047,0.2939,0.2596,-0.1957,0.3442,0.35,0.1823,0.3062,0.2526,-0.1949,0.3702,0.1,0.1,2.023,2.358,1.964,2.332
7,24,1790610955.315,0.3498,0.2048,0.2931,0.2597,-0.1957,0.3434,0.3492,0.1826,0.3114,0.2523,-0.195,0.3696,0.1,0.1,2.022,2.372,1.964,2.332
7,25,1790610955.348,0.3495,0.2046,0.2926,0.2598,-0.1956,0.3428,0.3484,0.1834,0.3162,0.2523,-0.1952,0.3685,0.1,0.1,2.048,2.353,1.964,2.332
7,26,1790610955.382,0.3492,0.2042,0.292,0.2597,-0.1954,0.3419,0.3484,0.1834,0.3162,0.2523,-0.1952,0.3685,0.0,0.0,2.065,2.368,1.964,2.332
7,27,1790610955.415,0.349,0.204,0.2916,0.2599,-0.1955,0.3412,0.3476,0.1847,0.3205,0.2525,-0.1955,0.3669,0.1,0.1,2.101,2.373,1.964,2.332
7,28,1790610955.449,0.3486,0.2034,0.2917,0.2594,-0.1952,0.3417,0.3476,0.1847,0.3205,0.2525,-0.1955,0.3669,0.1,0.1,2.124,2.388,1.964,2.332
7,29,1790610955.482,0.3485,0.2029,0.2911,0.2594,-0.1956,0.341,0.3468,0.1863,0.3242,0.2529,-0.1958,0.3649,0.1,0.0,2.128,2.396,2.086,2.332
8,0,1790610956.294,0.3423,0.1953,0.3315,0.2519,-0.1947,0.3705,0.3416,0.218,0.3237,0.2611,-0.1969,0.3273,0.1,0.4,0.944,2.169,2.086,2.332
8,1,1790610956.328,0.3427,0.1969,0.3302,0.2527,-0.1939,0.3703,0.3416,0.218,0.3237,0.2611,-0.1969,0.3273,0.1,0.1,0.877,2.337,2.086,2.332
8,2,1790610956.362,0.3426,0.1981,0.3299,0.2534,-0.1929,0.3704,0.3417,0.2183,0.3224,0.2612,-0.1969,0.3268,0.1,0.1,0.847,2.5,2.086,2.455
8,3,1790610956.394,0.3424,0.1993,0.3292,0.2541,-0.1919,0.3706,0.3416,0.2186,0.3222,0.2612,-0.1969,0.3272,0.1,0.0,0.756,2.72,1.35,2.209
8,4,1790610956.429,0.3427,0.2002,0.3286,0.2544,-0.191,0.3704,0.3416,0.2186,0.3222,0.2612,-0.1969,0.3272,0.0,0.0,0.883,2.925,1.35,2.209
8,5,1790610956.462,0.3425,0.2011,0.3281,0.2551,-0.1902,0.3705,0.3411,0.2186,0.3233,0.2612,-0.197,0.3288,0.0,0.1,0.967,3.212,0.491,2.332
8,6,1790610956.496,0.3428,0.2019,0.3276,0.2552,-0.1896,0.3703,0.3403,0.2184,0.3254,0.2612,-0.1969,0.3315,0.0,0.0,1.187,3.558,0.491,2.7
8,7,1790610956.529,0.3426,0.2021,0.3273,0.2557,-0.1889,0.3703,0.3394,0.2178,0.3281,0.2611,-0.1966,0.335,0.1,0.0,1.416,3.857,0.982,3.314
8,8,1790610956.563,0.3425,0.2019,0.3268,0.2561,-0.1886,0.3703,0.3385,0.217,0.3311,0.2609,-0.1962,0.3391,0.1,0.0,1.69,4.136,1.35,3.682
8,9,1790610956.596,0.3425,0.2018,0.3263,0.2562,-0.1881,0.37,0.3385,0.217,0.3311,0.2609,-0.1962,0.3391,0.0,0.0,2.045,4.427,1.35,3.682
8,10,1790610956.629,0.3425,0.202,0.3259,0.2566,-0.1877,0.3698,0.3376,0.216,0.3342,0.2606,-0.1956,0.3438,0.0,0.0,2.381,4.504,1.718,4.05
8,11,1790610956.663,0.342,0.2018,0.3257,0.2567,-0.187,0.3699,0.3366,0.2147,0.3374,0.2601,-0.1947,0.3489,0.1,0.0,2.794,4.532,2.086,4.541
8,12,1790610956.697,0.3421,0.2016,0.3253,0.2568,-0.1866,0.3696,0.3366,0.2147,0.3374,0.2601,-0.1947,0.3489,0.0,0.0,3.182,4.552,2.086,4.541
8,13,1790610956.730,0.3423,0.2015,0.3248,0.2567,-0.1863,0.3694,0.3358,0.2132,0.3404,0.2594,-0.1936,0.3542,0.0,0.0,3.566,4.556,2.455,4.664
8,14,1790610956.764,0.3419,0.2014,0.3249,0.2572,-0.1857,0.3691,0.3351,0.2116,0.3431,0.2586,-0.1924,0.3596,0.0,0.0,3.937,4.568,2.823,4.541
8,15,1790610956.797,0.3417,0.2013,0.3243,0.2572,-0.1851,0.3688,0.3346,0.2098,0.3454,0.2575,-0.1909,0.3649,0.0,0.0,4.287,4.582,3.436,4.541
8,16,1790610956.830,0.3416,0.2011,0.3241,0.2574,-0.1848,0.3684,0.3346,0.2098,0.3454,0.2575,-0.1909,0.3649,0.0,0.0,4.484,4.595,3.436,4.541
8,17,1790610956.864,0.3418,0.2011,0.3237,0.2576,-0.1843,0.3682,0.3342,0.208,0.3474,0.2563,-0.1894,0.3701,0.0,0.0,4.526,4.577,4.05,4.541
8,18,1790610956.897,0.3414,0.2009,0.3234,0.258,-0.1837,0.3678,0.334,0.2061,0.3489,0.255,-0.1877,0.3751,0.0,0.0,4.53,4.536,4.418,4.541
8,19,1790610956.931,0.3413,0.2007,0.3233,0.2581,-0.1831,0.3676,0.334,0.2041,0.35,0.2536,-0.1861,0.3797,0.0,0.0,4.531,4.448,4.541,4.541
8,20,1790610956.964,0.3412,0.2005,0.323,0.2584,-0.1824,0.3674,0.334,0.2041,0.35,0.2536,-0.1861,0.3797,0.0,0.0,4.544,4.227,4.541,4.541
8,21,1790610956.997,0.3411,0.2002,0.3231,0.2586,-0.1818,0.3672,0.3341,0.2021,0.3505,0.2522,-0.1844,0.3838,0.0,0.0,4.544,3.986,4.541,4.541
8,22,1790610957.031,0.3412,0.2003,0.3231,0.2588,-0.1812,0.367,0.3344,0.2001,0.3504,0.251,-0.1827,0.3875,0.0,0.0,4.534,3.682,4.541,4.295
8,23,1790610957.064,0.3412,0.2003,0.3229,0.2593,-0.1809,0.3668,0.3344,0.2001,0.3504,0.251,-0.1827,0.3875,0.0,0.0,4.545,3.369,4.541,4.295
8,24,1790610957.098,0.3412,0.2001,0.3229,0.2595,-0.1805,0.3666,0.335,0.1981,0.3498,0.2499,-0.1812,0.3906,0.0,0.0,4.564,3.022,4.541,3.805
8,25,1790610957.131,0.3409,0.1999,0.3229,0.2596,-0.1798,0.3667,0.3356,0.1962,0.3486,0.249,-0.1797,0.3931,0.0,0.1,4.531,2.655,4.541,3.191
8,26,1790610957.165,0.3407,0.1997,0.3227,0.2598,-0.1794,0.3669,0.3364,0.1944,0.3469,0.2483,-0.1783,0.395,0.0,0.0,4.525,2.311,4.541,2.823
8,27,1790610957.199,0.3408,0.2,0.3226,0.2602,-0.1789,0.3665,0.3373,0.1929,0.3449,0.2479,-0.177,0.3962,0.0,0.0,4.532,1.936,4.541,2.823
8,28,1790610957.232,0.3406,0.1999,0.3221,0.2605,-0.1784,0.3664,0.3373,0.1929,0.3449,0.2479,-0.177,0.3962,0.0,0.1,4.516,1.536,4.541,2.577
8,29,1790610957.266,0.3408,0.2003,0.3222,0.2606,-0.1781,0.3665,0.3382,0.1915,0.3425,0.2479,-0.1759,0.3969,0.0,0.0,4.522,1.15,4.541,2.332
9,0,1790610958.093,0.3321,0.1899,0.349,0.2441,-0.1761,0.4034,0.3451,0.1929,0.3033,0.2602,-0.1684,0.3748,0.1,6.6,4.462,1.7,4.541,1.227
9,1,1790610958.126,0.3314,0.1893,0.3486,0.244,-0.1761,0.4031,0.3451,0.1929,0.3033,0.2602,-0.1684,0.3748,0.0,0.0,4.43,1.599,4.541,1.227
9,2,1790610958.160,0.331,0.189,0.3488,0.2444,-0.1761,0.4032,0.3451,0.1932,0.3027,0.2604,-0.1682,0.374,0.0,0.0,4.424,1.582,4.541,1.227
9,3,1790610958.194,0.3304,0.1883,0.3484,0.2443,-0.1762,0.4031,0.3447,0.1936,0.3033,0.2603,-0.1681,0.3741,0.0,0.1,4.313,1.491,4.541,1.473
9,4,1790610958.227,0.3299,0.1878,0.3483,0.2443,-0.1762,0.4031,0.3447,0.1936,0.3033,0.2603,-0.1681,0.3741,0.0,0.0,4.204,1.45,4.541,1.473
9,5,1790610958.260,0.3298,0.1877,0.3483,0.2443,-0.1764,0.4032,0.3435,0.1935,0.3053,0.2595,-0.1678,0.3752,0.0,0.0,4.063,1.368,4.418,1.718
9,6,1790610958.293,0.3292,0.1872,0.3479,0.244,-0.1766,0.4035,0.3416,0.1928,0.3084,0.2582,-0.1675,0.3773,0.0,0.1,3.879,1.277,4.173,1.595
9,7,1790610958.327,0.329,0.1869,0.3477,0.2442,-0.1768,0.4034,0.3395,0.1918,0.3123,0.2564,-0.1673,0.3803,0.0,0.0,3.702,1.15,4.05,1.35
9,8,1790610958.361,0.3287,0.1868,0.3477,0.2442,-0.177,0.4035,0.3371,0.1904,0.3168,0.2544,-0.1672,0.3839,0.0,0.0,3.516,1.049,3.805,1.105
9,9,1790610958.394,0.3281,0.1861,0.3472,0.244,-0.177,0.4035,0.3371,0.1904,0.3168,0.2544,-0.1672,0.3839,0.0,0.0,3.349,0.842,3.805,1.105
9,10,1790610958.427,0.3276,0.1856,0.3469,0.2441,-0.1769,0.4034,0.3346,0.1887,0.3216,0.2519,-0.1671,0.388,0.0,0.0,3.172,0.681,3.559,1.105
9,11,1790610958.461,0.3273,0.1854,0.3466,0.244,-0.1768,0.4036,0.3321,0.1868,0.3268,0.2494,-0.1673,0.3925,0.0,0.1,2.979,0.499,3.314,0.859
9,12,1790610958.494,0.327,0.185,0.3466,0.244,-0.177,0.4034,0.3321,0.1868,0.3268,0.2494,-0.1673,0.3925,0.0,0.0,2.617,0.306,3.314,0.859
9,13,1790610958.528,0.3264,0.1846,0.3463,0.2439,-0.1768,0.4037,0.3296,0.1849,0.3321,0.2468,-0.1677,0.3972,0.0,0.1,2.26,0.259,2.945,0.491
9,14,1790610958.561,0.3261,0.1842,0.3465,0.2439,-0.1767,0.4037,0.3296,0.1849,0.3321,0.2468,-0.1677,0.3972,0.0,0.0,1.885,0.169,2.945,0.491
9,15,1790610958.595,0.326,0.1835,0.3463,0.244,-0.1769,0.4038,0.327,0.183,0.3374,0.244,-0.1682,0.402,0.0,0.0,1.527,0.153,2.577,0.123
9,16,1790610958.628,0.3258,0.1835,0.3465,0.2438,-0.1766,0.4038,0.3246,0.1811,0.3427,0.2413,-0.1689,0.4067,0.0,0.0,1.236,0.151,2.209,0.123
9,17,1790610958.663,0.3255,0.1828,0.3464,0.2437,-0.1765,0.4037,0.3222,0.1793,0.3479,0.2386,-0.1698,0.4113,0.0,0.0,1.028,0.146,1.595,0.123
9,18,1790610958.695,0.3252,0.1825,0.3467,0.2439,-0.1764,0.4037,0.3222,0.1793,0.3479,0.2386,-0.1698,0.4113,0.0,0.0,0.921,0.158,1.595,0.123
9,19,1790610958.728,0.325,0.1821,0.3466,0.2439,-0.1767,0.4036,0.32,0.1776,0.3529,0.236,-0.1707,0.4156,0.0,0.0,0.777,0.164,1.105,0.123
9,20,1790610958.762,0.3246,0.1819,0.3467,0.2441,-0.1766,0.4033,0.318,0.1761,0.3575,0.2335,-0.1717,0.4196,0.0,0.1,0.835,0.182,0.859,0.123
9,21,1790610958.795,0.3245,0.1817,0.3467,0.2447,-0.177,0.403,0.318,0.1761,0.3575,0.2335,-0.1717,0.4196,0.0,0.0,0.869,0.283,0.859,0.123
9,22,1790610958.829,0.3244,0.1813,0.346,0.2453,-0.1775,0.4026,0.3162,0.1748,0.3619,0.2314,-0.1728,0.4231,0.0,0.1,0.963,0.489,0.736,0.245
9,23,1790610958.862,0.3243,0.1809,0.346,0.2456,-0.178,0.4018,0.3146,0.1737,0.3658,0.2296,-0.1742,0.4262,0.0,0.1,1.197,0.835,0.859,0.123
9,24,1790610958.895,0.3242,0.1806,0.3453,0.2464,-0.1789,0.4008,0.3133,0.1728,0.3693,0.2281,-0.1754,0.4287,0.0,0.1,1.492,1.159,0.982,0.368
9,25,1790610958.929,0.3245,0.1804,0.3445,0.2476,-0.1802,0.3995,0.3133,0.1728,0.3693,0.2281,-0.1754,0.4287,0.0,0.1,1.785,1.503,0.982,0.368
9,26,1790610958.962,0.3245,0.1802,0.3442,0.2491,-0.1812,0.3974,0.3122,0.1722,0.3724,0.227,-0.1768,0.4307,0.0,0.1,2.143,1.922,1.227,0.736
9,27,1790610958.996,0.3245,0.1802,0.3438,0.2507,-0.1825,0.3947,0.3115,0.1718,0.3749,0.2265,-0.1785,0.4321,0.0,0.1,2.513,2.333,1.718,1.35
9,28,1790610959.029,0.3245,0.1803,0.343,0.2522,-0.1839,0.3916,0.3115,0.1718,0.3749,0.2265,-0.1785,0.4321,0.0,0.1,2.884,2.777,1.718,1.35
9,29,1790610959.063,0.3248,0.1807,0.3424,0.2543,-0.1857,0.3878,0.311,0.1716,0.3768,0.2265,-0.1802,0.4328,0.0,0.1,3.309,3.28,2.332,2.086
10,0,1790610959.871,0.3081,0.1689,0.3821,0.2246,-0.185,0.4358,0.3203,0.1798,0.3576,0.2534,-0.1972,0.3936,4.9,15.7,2.586,2.471,3.314,3.314
10,1,1790610959.904,0.3082,0.1684,0.3817,0.2251,-0.1855,0.4353,0.3206,0.1799,0.3565,0.2538,-0.1971,0.3926,0.1,0.0,2.611,2.442,3.314,3.314
10,2,1790610959.937,0.3084,0.168,0.3814,0.2254,-0.1858,0.4348,0.3206,0.1799,0.3565,0.2538,-0.1971,0.3926,0.0,0.0,2.613,2.427,3.314,3.314
10,3,1790610959.971,0.3083,0.1674,0.3811,0.2257,-0.1863,0.4343,0.3202,0.1795,0.356,0.2534,-0.1968,0.3927,0.0,0.1,2.633,2.408,2.823,2.7
10,4,1790610960.004,0.3081,0.1671,0.3808,0.2259,-0.1865,0.434,0.319,0.1786,0.3566,0.2519,-0.1962,0.3944,0.0,0.0,2.646,2.365,2.332,2.086
10,5,1790610960.039,0.3082,0.1668,0.3807,0.226,-0.187,0.4336,0.3174,0.1772,0.358,0.2498,-0.1953,0.3973,0.0,0.1,2.68,2.456,2.455,2.086
10,6,1790610960.072,0.308,0.1665,0.3802,0.2263,-0.1873,0.4333,0.3174,0.1772,0.358,0.2498,-0.1953,0.3973,0.0,0.0,2.66,2.538,2.455,2.086
10,7,1790610960.105,0.308,0.1663,0.3801,0.2265,-0.1877,0.4329,0.3156,0.1755,0.3602,0.247,-0.1944,0.4013,0.0,0.1,2.651,2.689,2.7,2.455
10,8,1790610960.139,0.308,0.1662,0.38,0.227,-0.1881,0.4324,0.3156,0.1755,0.3602,0.247,-0.1944,0.4013,0.0,0.1,2.591,2.784,2.7,2.455
10,9,1790610960.172,0.3081,0.1662,0.3798,0.2271,-0.1886,0.4322,0.3134,0.1735,0.3631,0.2438,-0.1934,0.4061,0.0,0.1,2.459,2.867,2.823,2.577
10,10,1790610960.206,0.3081,0.1661,0.3795,0.2275,-0.1888,0.4318,0.3112,0.1714,0.3664,0.2401,-0.1924,0.4117,0.0,0.0,2.287,2.931,2.7,2.7
10,11,1790610960.239,0.3081,0.1661,0.3794,0.2279,-0.1893,0.4315,0.3112,0.1714,0.3664,0.2401,-0.1924,0.4117,0.0,0.1,2.06,2.896,2.7,2.7
10,12,1790610960.273,0.3085,0.166,0.3791,0.2281,-0.1898,0.4313,0.3088,0.1692,0.3701,0.236,-0.1913,0.4176,0.1,0.0,1.839,2.89,2.455,2.823
10,13,1790610960.306,0.3086,0.166,0.3788,0.2282,-0.19,0.4309,0.3065,0.167,0.3741,0.2318,-0.1903,0.4236,0.0,0.0,1.624,2.851,2.332,2.823
10,14,1790610960.339,0.3086,0.166,0.3788,0.2284,-0.1904,0.4308,0.3043,0.1649,0.3783,0.2274,-0.1895,0.4297,0.0,0.0,1.351,2.782,1.964,2.823
10,15,1790610960.373,0.3087,0.166,0.3786,0.2288,-0.1906,0.4305,0.3023,0.163,0.3825,0.223,-0.1887,0.4356,0.0,0.0,1.111,2.69,1.595,2.945
10,16,1790610960.407,0.3089,0.1659,0.3786,0.229,-0.1911,0.4305,0.3023,0.163,0.3825,0.223,-0.1887,0.4356,0.0,0.1,1.01,2.671,1.595,2.945
10,17,1790610960.440,0.3087,0.1658,0.3788,0.2291,-0.1912,0.4302,0.3004,0.1613,0.3867,0.2186,-0.1883,0.4413,0.0,0.0,0.853,2.592,1.35,2.823
10,18,1790610960.474,0.309,0.1659,0.3786,0.2291,-0.1915,0.43,0.2986,0.1597,0.3907,0.2144,-0.188,0.4466,0.0,0.0,0.782,2.499,1.105,2.7
10,19,1790610960.507,0.3092,0.1658,0.3782,0.2292,-0.1916,0.4297,0.2971,0.1584,0.3945,0.2105,-0.1878,0.4515,0.0,0.0,0.679,2.369,0.859,2.577
10,20,1790610960.540,0.3091,0.1658,0.3784,0.2291,-0.1917,0.4296,0.2971,0.1584,0.3945,0.2105,-0.1878,0.4515,0.0,0.0,0.531,2.15,0.859,2.577
10,21,1790610960.574,0.3091,0.1657,0.3782,0.2293,-0.1919,0.4294,0.2958,0.1573,0.398,0.2069,-0.1878,0.4558,0.0,0.0,0.356,1.89,0.736,2.455
10,22,1790610960.607,0.3091,0.1656,0.3782,0.2293,-0.1918,0.4292,0.2949,0.1565,0.4012,0.2038,-0.1879,0.4593,0.0,0.0,0.215,1.642,0.614,2.209
10,23,1790610960.641,0.3091,0.1658,0.3784,0.2292,-0.1917,0.429,0.2949,0.1565,0.4012,0.2038,-0.1879,0.4593,0.0,0.0,0.133,1.388,0.614,2.209
10,24,1790610960.675,0.3091,0.1658,0.3781,0.2292,-0.1916,0.4288,0.2942,0.1559,0.4039,0.2012,-0.1882,0.4623,0.0,0.0,0.018,1.087,0.368,1.841
10,25,1790610960.708,0.3092,0.1659,0.378,0.2292,-0.1917,0.4287,0.2939,0.1556,0.4062,0.1993,-0.1886,0.4645,0.0,0.0,0.007,0.805,0.123,1.35
10,26,1790610960.742,0.3091,0.1659,0.3781,0.2295,-0.1914,0.4284,0.2938,0.1555,0.408,0.198,-0.1892,0.466,0.1,0.1,-0.001,0.476,0.0,0.982
10,27,1790610960.775,0.3094,0.1659,0.3777,0.2296,-0.1917,0.4284,0.294,0.1557,0.4092,0.1974,-0.1898,0.4668,0.1,0.1,-0.006,0.216,0.0,0.736
10,28,1790610960.808,0.3091,0.1657,0.3778,0.2297,-0.1916,0.4281,0.294,0.1557,0.4092,0.1974,-0.1898,0.4668,0.0,0.0,-0.004,0.132,0.0,0.736
10,29,1790610960.842,0.309,0.1655,0.3778,0.2297,-0.1918,0.4282,0.2945,0.156,0.4099,0.1975,-0.1905,0.4669,0.1,0.1,-0.001,0.109,0.0,0.245
11,0,1790610961.655,0.291,0.1585,0.4152,0.1925,-0.1898,0.4746,0.31,0.1649,0.383,0.226,-0.1939,0.4344,6.5,22.3,-0.001,0.045,0.0,0.123
11,1,1790610961.689,0.2909,0.1584,0.4153,0.1927,-0.1897,0.4744,0.3103,0.165,0.382,0.2265,-0.1938,0.4336,0.0,0.1,0.023,0.055,0.0,0.123
11,2,1790610961.722,0.2912,0.1584,0.4149,0.193,-0.1896,0.4741,0.3103,0.165,0.382,0.2265,-0.1938,0.4336,0.0,0.0,-0.008,0.057,0.0,0.123
11,3,1790610961.755,0.2912,0.1584,0.4145,0.1931,-0.1893,0.4737,0.3101,0.1648,0.3818,0.2264,-0.1936,0.4341,0.0,0.1,-0.008,0.027,0.0,0.0
11,4,1790610961.789,0.2914,0.1585,0.4142,0.193,-0.1891,0.4732,0.3092,0.1643,0.3827,0.2251,-0.1931,0.4358,0.0,0.0,0.009,0.038,0.0,0.0
11,5,1790610961.822,0.2916,0.1586,0.4141,0.1927,-0.189,0.4728,0.3092,0.1643,0.3827,0.2251,-0.1931,0.4358,0.0,0.1,0.014,0.035,0.0,0.0
11,6,1790610961.855,0.2917,0.1589,0.4136,0.1929,-0.1889,0.4724,0.3078,0.1636,0.3845,0.2229,-0.1923,0.4388,0.0,0.1,0.023,0.031,0.0,0.0
11,7,1790610961.889,0.292,0.159,0.4134,0.1928,-0.1888,0.4719,0.306,0.1627,0.3871,0.2198,-0.1914,0.4427,0.0,0.1,0.012,0.027,0.0,0.0
11,8,1790610961.922,0.292,0.159,0.4131,0.1926,-0.1885,0.4713,0.306,0.1627,0.3871,0.2198,-0.1914,0.4427,0.0,0.1,-0.006,0.024,0.0,0.0
11,9,1790610961.956,0.2922,0.159,0.4127,0.1925,-0.1882,0.4703,0.3037,0.1617,0.3904,0.2158,-0.1904,0.4475,0.0,0.1,0.006,0.024,0.0,0.0
11,10,1790610961.990,0.2925,0.1593,0.4119,0.1922,-0.1877,0.4688,0.3012,0.1606,0.3943,0.211,-0.1892,0.4527,0.0,0.1,0.01,0.028,0.0,0.0
11,11,1790610962.023,0.2931,0.1593,0.4112,0.1921,-0.1874,0.4664,0.3012,0.1606,0.3943,0.211,-0.1892,0.4527,0.0,0.0,0.01,0.021,0.0,0.0
11,12,1790610962.057,0.2938,0.1596,0.41,0.1919,-0.1869,0.4638,0.2984,0.1594,0.3987,0.2055,-0.188,0.4582,0.0,0.1,0.002,0.032,0.0,0.0
11,13,1790610962.091,0.2945,0.1596,0.4085,0.1918,-0.1863,0.4599,0.2956,0.1583,0.4034,0.1993,-0.1866,0.4635,0.1,0.1,-0.006,0.026,0.0,0.0
11,14,1790610962.124,0.2958,0.1603,0.4066,0.1917,-0.1854,0.4547,0.2956,0.1583,0.4034,0.1993,-0.1866,0.4635,0.0,0.0,0.008,0.033,0.0,0.0
11,15,1790610962.157,0.2971,0.1608,0.4042,0.1917,-0.1843,0.4478,0.2927,0.1572,0.4081,0.1925,-0.1851,0.4683,0.1,0.1,0.007,0.031,0.0,0.0
11,16,1790610962.191,0.2984,0.1618,0.4018,0.1917,-0.1831,0.4402,0.2899,0.1563,0.4128,0.1852,-0.1834,0.4723,0.1,0.1,0.01,0.033,0.0,0.0
11,17,1790610962.224,0.3001,0.1626,0.3994,0.1914,-0.1821,0.4327,0.2899,0.1563,0.4128,0.1852,-0.1834,0.4723,0.0,0.0,0.003,0.035,0.0,0.0
11,18,1790610962.258,0.3012,0.1635,0.3978,0.1912,-0.1813,0.4268,0.2873,0.1555,0.4173,0.1776,-0.1814,0.4752,0.0,0.0,0.02,0.033,0.0,0.0
11,19,1790610962.291,0.3023,0.1641,0.396,0.1909,-0.1807,0.4217,0.285,0.1549,0.4215,0.17,-0.1792,0.4768,0.0,0.0,0.015,0.016,0.0,0.0
11,20,1790610962.324,0.3034,0.1646,0.3942,0.1902,-0.1798,0.4169,0.2831,0.1545,0.4252,0.1627,-0.1766,0.4765,0.0,0.0,0.003,0.018,0.0,0.0
11,21,1790610962.358,0.3046,0.1655,0.3924,0.1895,-0.1789,0.4126,0.2831,0.1545,0.4252,0.1627,-0.1766,0.4765,0.0,0.0,0.009,0.025,0.0,0.0
11,22,1790610962.393,0.306,0.1667,0.3905,0.1888,-0.1778,0.408,0.2817,0.1545,0.4284,0.1559,-0.1738,0.4746,0.1,0.7,0.01,0.022,0.0,0.0
11,23,1790610962.425,0.3075,0.1675,0.3881,0.1882,-0.1767,0.4027,0.2817,0.1545,0.4284,0.1559,-0.1738,0.4746,0.0,3.5,0.0,0.033,0.0,0.0
11,24,1790610962.461,0.309,0.1685,0.3856,0.1874,-0.1753,0.3974,0.2811,0.1548,0.4309,0.1501,-0.1708,0.4707,0.1,5.2,0.004,0.033,0.0,0.0
11,25,1790610962.494,0.3106,0.1694,0.3827,0.1866,-0.1738,0.392,0.281,0.1554,0.4326,0.1457,-0.1675,0.4653,0.1,5.4,-0.006,0.017,0.0,0.0
11,26,1790610962.528,0.3118,0.1703,0.3799,0.1858,-0.172,0.3866,0.2817,0.1563,0.4336,0.146,-0.1667,0.4603,0.2,4.3,0.001,0.025,0.0,0.0
11,27,1790610962.561,0.313,0.171,0.3773,0.1848,-0.1702,0.3814,0.2831,0.1576,0.4336,0.1489,-0.1682,0.4565,0.1,5.7,0.01,0.038,0.0,0.0
11,28,1790610962.595,0.3142,0.1718,0.3748,0.1837,-0.1686,0.3764,0.2831,0.1576,0.4336,0.1489,-0.1682,0.4565,0.0,7.9,-0.002,0.04,0.0,0.0
11,29,1790610962.629,0.3152,0.1724,0.3723,0.1829,-0.1671,0.3714,0.2854,0.1593,0.4326,0.1511,-0.1685,0.4527,0.2,9.1,0.01,0.034,0.0,0.0
12,0,1790610963.439,0.2869,0.1614,0.4323,0.1471,-0.1693,0.4529,0.3268,0.1845,0.3535,0.1854,-0.2069,0.346,26.3,48.3,0.048,0.01,0.0,0.123
12,1,1790610963.473,0.2879,0.1615,0.4307,0.1483,-0.169,0.4509,0.3274,0.1845,0.3509,0.1853,-0.2074,0.3451,0.0,14.7,0.04,0.015,0.0,0.123
12,2,1790610963.506,0.2893,0.1614,0.4285,0.1495,-0.1683,0.4479,0.3274,0.1845,0.3509,0.1853,-0.2074,0.3451,0.0,0.1,0.032,0.026,0.0,0.123
12,3,1790610963.540,0.2912,0.1615,0.4247,0.1517,-0.1674,0.4434,0.3272,0.1841,0.3496,0.1845,-0.2075,0.3461,0.1,0.0,0.054,0.014,0.0,0.0
12,4,1790610963.573,0.2934,0.1619,0.4213,0.1536,-0.1668,0.4385,0.3264,0.1833,0.35,0.1828,-0.207,0.3499,0.1,0.0,0.038,0.018,0.0,0.0
12,5,1790610963.607,0.2959,0.1626,0.4167,0.1558,-0.1658,0.4328,0.325,0.1819,0.352,0.1806,-0.2056,0.3561,0.2,0.1,0.037,0.022,0.0,0.0
12,6,1790610963.640,0.2983,0.1633,0.4118,0.1578,-0.1652,0.4267,0.3232,0.18,0.3555,0.1781,-0.203,0.364,0.1,0.0,0.031,0.045,0.0,0.0
12,7,1790610963.676,0.3007,0.1642,0.4065,0.1597,-0.1646,0.4203,0.3232,0.18,0.3555,0.1781,-0.203,0.364,0.1,0.0,0.041,0.04,0.0,0.0
12,8,1790610963.707,0.3028,0.1652,0.401,0.1614,-0.1641,0.414,0.321,0.1778,0.3602,0.1752,-0.1992,0.3725,0.1,0.0,0.034,0.025,0.0,0.0
12,9,1790610963.740,0.3047,0.166,0.3959,0.1625,-0.1638,0.4087,0.3184,0.1753,0.3656,0.172,-0.1943,0.3809,0.1,0.0,0.027,0.046,0.0,0.0
12,10,1790610963.774,0.306,0.1669,0.3909,0.1632,-0.1637,0.4038,0.3184,0.1753,0.3656,0.172,-0.1943,0.3809,0.0,0.0,0.041,0.06,0.0,0.0
12,11,1790610963.808,0.3072,0.1679,0.3866,0.1638,-0.1636,0.3997,0.3155,0.1726,0.3717,0.1686,-0.1887,0.3889,0.1,1.3,0.044,0.078,0.0,0.0
12,12,1790610963.841,0.3081,0.1685,0.3824,0.1639,-0.1633,0.3959,0.3124,0.1698,0.378,0.1652,-0.183,0.3958,0.1,2.4,0.043,0.159,0.0,0.0
12,13,1790610963.876,0.3087,0.169,0.3782,0.164,-0.1627,0.3925,0.3124,0.1698,0.378,0.1652,-0.183,0.3958,0.0,3.2,0.046,0.348,0.0,0.0
12,14,1790610963.909,0.3091,0.1693,0.3744,0.1642,-0.1622,0.3894,0.3089,0.1669,0.3843,0.1616,-0.1773,0.402,0.1,3.3,0.034,0.541,0.0,0.0
12,15,1790610963.943,0.3096,0.1698,0.371,0.1647,-0.1614,0.3864,0.3089,0.1669,0.3843,0.1616,-0.1773,0.402,0.0,3.3,0.09,0.809,0.0,0.245
12,16,1790610963.975,0.3097,0.1698,0.3682,0.1644,-0.1606,0.3843,0.3053,0.1641,0.3904,0.1574,-0.1713,0.4077,0.1,3.4,0.184,1.125,0.0,0.245
12,17,1790610964.009,0.31,0.1697,0.366,0.1648,-0.1603,0.3826,0.3016,0.1615,0.3961,0.1532,-0.1658,0.4123,0.1,2.7,0.409,1.477,0.123,0.614
12,18,1790610964.042,0.3102,0.1695,0.3643,0.1648,-0.1598,0.3814,0.2979,0.159,0.4011,0.1489,-0.1604,0.4163,0.1,2.4,0.649,1.857,0.123,1.105
12,19,1790610964.076,0.3101,0.1692,0.3627,0.1653,-0.1595,0.3804,0.2979,0.159,0.4011,0.1489,-0.1604,0.4163,0.1,1.7,0.963,2.221,0.123,1.105
12,20,1790610964.110,0.31,0.1686,0.3617,0.1654,-0.1594,0.3799,0.2944,0.1569,0.4054,0.1453,-0.1555,0.4188,0.1,1.1,1.284,2.591,0.368,1.595
12,21,1790610964.143,0.31,0.1683,0.3611,0.1656,-0.1591,0.3795,0.2912,0.1552,0.409,0.1426,-0.1511,0.42,0.0,0.9,1.644,2.955,0.736,1.964
12,22,1790610964.176,0.3099,0.1679,0.3603,0.1657,-0.1588,0.3793,0.2886,0.1538,0.4115,0.1406,-0.1471,0.4202,0.0,0.7,1.996,3.326,1.227,2.455
12,23,1790610964.209,0.3099,0.1675,0.3596,0.1662,-0.1588,0.379,0.2865,0.1528,0.4131,0.1397,-0.1436,0.4192,0.0,0.1,2.371,3.681,1.841,3.068
12,24,1790610964.242,0.3097,0.1673,0.3593,0.1662,-0.1589,0.3788,0.2852,0.1523,0.4139,0.1398,-0.1409,0.4172,0.0,0.0,2.72,3.982,2.209,3.436
12,25,1790610964.276,0.3094,0.1671,0.3591,0.1664,-0.1588,0.379,0.2852,0.1523,0.4139,0.1398,-0.1409,0.4172,0.0,0.1,3.045,4.234,2.209,3.436
12,26,1790610964.309,0.3092,0.1669,0.3586,0.1663,-0.1587,0.3789,0.2846,0.1523,0.4136,0.1408,-0.1388,0.4145,0.0,0.0,3.371,4.451,2.7,3.805
12,27,1790610964.343,0.3091,0.1668,0.3583,0.1667,-0.1588,0.3787,0.2848,0.1527,0.4125,0.1426,-0.1374,0.411,0.0,0.1,3.754,4.578,3.191,4.295
12,28,1790610964.376,0.3093,0.1667,0.358,0.1669,-0.1587,0.3786,0.2848,0.1527,0.4125,0.1426,-0.1374,0.411,0.0,0.0,4.071,4.586,3.191,4.295
12,29,1790610964.410,0.3094,0.1668,0.3574,0.1669,-0.159,0.3786,0.2856,0.1536,0.4104,0.145,-0.1367,0.4071,0.0,0.0,4.385,4.606,3.805,4.541
13,0,1790610965.227,0.2818,0.154,0.4146,0.1413,-0.1359,0.41,0.3136,0.1724,0.3347,0.1693,-0.1468,0.3599,22.4,9.7,4.217,4.515,4.418,4.541
13,1,1790610965.261,0.282,0.1539,0.4146,0.1414,-0.1361,0.4098,0.3138,0.1724,0.3327,0.1695,-0.1469,0.3592,0.0,1.0,4.279,4.516,4.418,4.541
13,2,1790610965.296,0.2819,0.1541,0.4147,0.1414,-0.136,0.4099,0.3134,0.1718,0.3317,0.1686,-0.1463,0.3601,0.1,0.9,4.336,4.513,4.295,4.541
13,3,1790610965.328,0.282,0.1541,0.4144,0.1416,-0.1359,0.4097,0.3134,0.1718,0.3317,0.1686,-0.1463,0.3601,0.0,0.6,4.383,4.512,4.295,4.541
13,4,1790610965.361,0.282,0.1541,0.4147,0.1414,-0.1359,0.4096,0.3121,0.1707,0.3326,0.167,-0.1452,0.3626,0.0,0.6,4.388,4.508,4.295,4.541
13,5,1790610965.399,0.282,0.1541,0.4147,0.1416,-0.1359,0.4095,0.3102,0.169,0.3354,0.165,-0.1438,0.3664,0.0,0.4,4.385,4.502,4.295,4.541
13,6,1790610965.433,0.2818,0.1543,0.4148,0.1416,-0.1358,0.4093,0.3102,0.169,0.3354,0.165,-0.1438,0.3664,0.0,0.4,4.386,4.498,4.295,4.541
13,7,1790610965.467,0.2817,0.154,0.4146,0.1418,-0.1359,0.4092,0.308,0.1669,0.3401,0.1626,-0.142,0.3712,0.0,0.2,4.409,4.516,4.418,4.541
13,8,1790610965.500,0.2816,0.1544,0.4148,0.1418,-0.1359,0.409,0.3052,0.1646,0.3464,0.1598,-0.1398,0.3765,0.0,0.3,4.374,4.516,4.418,4.541
13,9,1790610965.533,0.2808,0.1542,0.4151,0.1417,-0.1356,0.4088,0.3021,0.1621,0.354,0.1567,-0.1375,0.3819,0.0,0.5,4.347,4.514,4.418,4.541
13,10,1790610965.568,0.2802,0.1542,0.4154,0.1418,-0.1357,0.4086,0.3021,0.1621,0.354,0.1567,-0.1375,0.3819,0.0,0.2,4.254,4.504,4.418,4.541
13,11,1790610965.601,0.28,0.1541,0.4154,0.142,-0.1357,0.4085,0.2986,0.1595,0.3627,0.1535,-0.1351,0.3872,0.0,0.1,4.066,4.507,4.418,4.541
13,12,1790610965.634,0.2797,0.1541,0.4156,0.1421,-0.1359,0.4083,0.2946,0.1569,0.3721,0.1502,-0.1326,0.3923,0.0,0.1,3.824,4.503,4.418,4.541
13,13,1790610965.669,0.2791,0.1538,0.4157,0.1422,-0.1357,0.408,0.2901,0.1544,0.382,0.1469,-0.1303,0.397,0.0,0.1,3.507,4.501,4.173,4.541
13,14,1790610965.701,0.2791,0.1537,0.4157,0.1424,-0.1358,0.4079,0.2852,0.152,0.3921,0.1436,-0.1281,0.4014,0.0,0.0,3.147,4.508,3.805,4.541
13,15,1790610965.735,0.2787,0.1534,0.4157,0.1423,-0.1356,0.4076,0.2852,0.152,0.3921,0.1436,-0.1281,0.4014,0.0,0.4,2.775,4.507,3.805,4.541
13,16,1790610965.769,0.2788,0.1532,0.4153,0.1425,-0.1357,0.4074,0.2799,0.1499,0.4021,0.1404,-0.1261,0.4055,0.0,0.1,2.373,4.498,3.436,4.541
13,17,1790610965.802,0.2787,0.1534,0.4155,0.1424,-0.1357,0.4073,0.2744,0.148,0.4117,0.1375,-0.1244,0.409,0.0,0.2,1.984,4.493,2.945,4.541
13,18,1790610965.835,0.2787,0.1535,0.4154,0.1426,-0.1357,0.4071,0.2689,0.1465,0.4207,0.1348,-0.1231,0.4122,0.0,0.1,1.599,4.486,2.332,4.541
13,19,1790610965.868,0.2787,0.1534,0.4154,0.1425,-0.1357,0.4072,0.2689,0.1465,0.4207,0.1348,-0.1231,0.4122,0.0,0.1,1.233,4.481,2.332,4.541
13,20,1790610965.902,0.2789,0.1535,0.4152,0.1426,-0.1357,0.407,0.2636,0.1453,0.4291,0.1324,-0.122,0.4149,0.0,0.0,0.886,4.455,1.595,4.418
13,21,1790610965.935,0.2791,0.1534,0.415,0.1424,-0.1358,0.4071,0.2586,0.1446,0.4367,0.1303,-0.1212,0.4172,0.0,0.0,0.491,4.415,1.105,4.418
13,22,1790610965.968,0.279,0.1533,0.4151,0.1426,-0.136,0.4073,0.2586,0.1446,0.4367,0.1303,-0.1212,0.4172,0.0,0.0,0.229,4.353,1.105,4.418
13,23,1790610966.002,0.2791,0.1534,0.415,0.1426,-0.1359,0.4072,0.2586,0.1446,0.4367,0.1303,-0.1212,0.4172,0.0,0.0,0.071,4.282,1.105,4.418
13,24,1790610966.035,0.279,0.1535,0.415,0.1427,-0.136,0.4071,0.2542,0.1443,0.4434,0.1287,-0.1208,0.419,0.0,0.1,0.015,4.145,0.614,4.418
13,25,1790610966.069,0.2789,0.1535,0.4153,0.1426,-0.1358,0.4074,0.2504,0.1443,0.4493,0.1275,-0.1208,0.4204,0.0,0.1,0.02,4.023,0.123,4.295
13,26,1790610966.102,0.2792,0.1537,0.4151,0.1427,-0.136,0.4073,0.2504,0.1443,0.4493,0.1275,-0.1208,0.4204,0.0,0.0,-0.006,3.918,0.123,4.295
13,27,1790610966.135,0.2793,0.1537,0.4151,0.1428,-0.1361,0.4073,0.2473,0.1447,0.4542,0.1267,-0.1211,0.4216,0.0,0.0,-0.006,3.779,0.0,4.173
13,28,1790610966.169,0.2792,0.1537,0.4152,0.1426,-0.136,0.4072,0.245,0.1456,0.4583,0.1263,-0.1217,0.4224,0.0,0.0,-0.009,3.725,0.0,3.927
13,29,1790610966.202,0.279,0.1537,0.4152,0.1425,-0.1358,0.4071,0.245,0.1456,0.4583,0.1263,-0.1217,0.4224,0.0,0.0,-0.015,3.518,0.0,3.927
14,0,1790610967.019,0.2434,0.1512,0.463,0.1245,-0.1222,0.4261,0.2664,0.1608,0.4415,0.1328,-0.1378,0.4193,16.5,2.5,0.024,2.7,0.0,3.559
14,1,1790610967.053,0.2437,0.1514,0.4629,0.1252,-0.1222,0.4263,0.2674,0.1608,0.44,0.1329,-0.138,0.4192,0.0,0.0,0.014,2.657,0.0,3.559
14,2,1790610967.086,0.2439,0.1514,0.4626,0.1257,-0.1222,0.426,0.2674,0.1608,0.44,0.1329,-0.138,0.4192,0.0,0.0,0.029,2.528,0.0,3.559
14,3,1790610967.120,0.2441,0.1517,0.4623,0.126,-0.1222,0.4261,0.2673,0.1606,0.4391,0.1321,-0.1379,0.4198,0.0,0.1,0.028,2.383,0.0,2.945
14,4,1790610967.153,0.2443,0.1517,0.4622,0.1262,-0.1222,0.4262,0.2661,0.1601,0.4395,0.1306,-0.1372,0.4211,0.0,0.1,0.004,2.164,0.0,2.209
14,5,1790610967.186,0.2443,0.1518,0.462,0.1266,-0.1222,0.4262,0.2641,0.1594,0.4409,0.1288,-0.136,0.4228,0.0,0.0,0.022,1.98,0.0,2.086
14,6,1790610967.220,0.2443,0.1518,0.4618,0.1268,-0.122,0.4263,0.2613,0.1585,0.4432,0.1268,-0.1344,0.4246,0.0,0.0,0.014,1.803,0.0,2.086
14,7,1790610967.255,0.2446,0.1521,0.4616,0.1269,-0.1221,0.4264,0.2581,0.1575,0.4461,0.1247,-0.1323,0.4263,0.0,0.0,-0.001,1.735,0.0,2.086
14,8,1790610967.288,0.2448,0.1523,0.4614,0.127,-0.122,0.4264,0.2581,0.1575,0.4461,0.1247,-0.1323,0.4263,0.0,0.0,0.02,1.797,0.0,2.086
14,9,1790610967.322,0.2446,0.1523,0.4613,0.1275,-0.1221,0.4262,0.2544,0.1564,0.4496,0.1228,-0.1301,0.4279,0.0,0.0,0.017,1.755,0.0,1.718
14,10,1790610967.355,0.2447,0.1524,0.4613,0.128,-0.1219,0.4258,0.2504,0.1553,0.4536,0.1209,-0.1277,0.4294,0.0,0.0,0.017,1.664,0.0,1.718
14,11,1790610967.388,0.2448,0.1525,0.4611,0.1283,-0.1219,0.4255,0.2504,0.1553,0.4536,0.1209,-0.1277,0.4294,0.0,0.1,-0.0,1.553,0.0,1.595
14,12,1790610967.422,0.2449,0.1528,0.4609,0.1286,-0.1218,0.425,0.2461,0.1542,0.4577,0.1192,-0.1251,0.4305,0.0,0.1,0.009,1.537,0.0,1.595
14,13,1790610967.456,0.2448,0.1528,0.4609,0.1292,-0.1218,0.4245,0.2417,0.1531,0.462,0.1178,-0.1225,0.4313,0.0,0.0,0.021,1.354,0.0,1.595
14,14,1790610967.489,0.2453,0.1526,0.4608,0.1293,-0.1218,0.4243,0.2374,0.1521,0.4662,0.1167,-0.1198,0.4317,0.0,0.0,0.008,1.194,0.0,1.473
14,15,1790610967.522,0.2458,0.1525,0.4605,0.1293,-0.1219,0.4237,0.2331,0.1512,0.4704,0.1159,-0.1172,0.4317,0.0,0.1,0.013,1.021,0.0,1.35
14,16,1790610967.555,0.2456,0.1525,0.4605,0.1296,-0.1219,0.4235,0.2331,0.1512,0.4704,0.1159,-0.1172,0.4317,0.0,0.0,0.023,0.799,0.0,1.35
14,17,1790610967.589,0.246,0.1523,0.4604,0.1297,-0.1221,0.4231,0.229,0.1505,0.4743,0.1155,-0.1149,0.4315,0.1,0.1,0.012,0.774,0.0,1.105
14,18,1790610967.622,0.2461,0.152,0.4603,0.1296,-0.122,0.4229,0.2254,0.15,0.478,0.1153,-0.1127,0.4311,0.0,0.1,0.011,0.629,0.0,0.736
14,19,1790610967.656,0.2462,0.1518,0.4603,0.13,-0.1222,0.4226,0.2254,0.15,0.478,0.1153,-0.1127,0.4311,0.0,0.0,0.013,0.4,0.0,0.736
14,20,1790610967.689,0.2463,0.1516,0.4601,0.1297,-0.1224,0.4223,0.2221,0.1496,0.4814,0.1154,-0.1107,0.4303,0.0,0.1,0.006,0.253,0.0,0.491
14,21,1790610967.723,0.2462,0.1514,0.4599,0.13,-0.1222,0.4224,0.2221,0.1496,0.4814,0.1154,-0.1107,0.4303,0.0,0.0,0.008,0.163,0.0,0.491
14,22,1790610967.756,0.2465,0.1512,0.4598,0.1302,-0.1224,0.4223,0.2194,0.1494,0.4844,0.1158,-0.1091,0.4294,0.0,0.0,0.004,0.174,0.0,0.368
14,23,1790610967.790,0.2465,0.1512,0.4598,0.1302,-0.1225,0.4222,0.2194,0.1494,0.4844,0.1158,-0.1091,0.4294,0.0,0.0,0.022,0.214,0.0,0.368
14,24,1790610967.823,0.2465,0.1509,0.4595,0.1302,-0.1225,0.4221,0.2173,0.1494,0.4869,0.1165,-0.1078,0.4283,0.0,0.0,0.022,0.279,0.0,0.123
14,25,1790610967.856,0.2467,0.1509,0.4596,0.1304,-0.1228,0.4221,0.2158,0.1494,0.4889,0.1174,-0.1068,0.4271,0.0,0.0,0.018,0.44,0.0,0.0
14,26,1790610967.890,0.2469,0.1509,0.4592,0.1305,-0.1227,0.422,0.2158,0.1494,0.4889,0.1174,-0.1068,0.4271,0.0,0.0,0.019,0.692,0.0,0.0
14,27,1790610967.926,0.2468,0.1507,0.459,0.1307,-0.1228,0.4221,0.2149,0.1497,0.4905,0.1185,-0.1062,0.4259,0.0,0.0,0.013,0.97,0.0,0.123
14,28,1790610967.959,0.2468,0.1507,0.4589,0.1308,-0.1225,0.4222,0.2146,0.1499,0.4915,0.1197,-0.1059,0.4246,0.0,0.0,0.006,1.169,0.0,0.368
14,29,1790610967.992,0.2467,0.1505,0.4592,0.1309,-0.1226,0.4224,0.2149,0.1503,0.492,0.1209,-0.1059,0.4233,0.0,0.1,0.014,1.387,0.0,0.614
15,0,1790610968.802,0.2139,0.1518,0.4939,0.116,-0.1058,0.4293,0.2468,0.1518,0.4637,0.1335,-0.115,0.4134,10.2,1.9,0.024,0.023,0.0,1.473
15,1,1790610968.836,0.2142,0.1515,0.4935,0.1166,-0.1055,0.4291,0.2477,0.1516,0.4625,0.1337,-0.1152,0.4133,0.0,0.0,0.012,-0.008,0.0,1.473
15,2,1790610968.869,0.2148,0.1514,0.4929,0.1167,-0.1053,0.4291,0.248,0.1515,0.4619,0.1333,-0.115,0.4134,0.0,0.1,0.016,0.009,0.0,0.491
15,3,1790610968.903,0.2152,0.1513,0.4921,0.1169,-0.1049,0.4289,0.2473,0.1514,0.4623,0.1324,-0.1143,0.414,0.1,0.1,0.013,0.007,0.123,0.0
15,4,1790610968.936,0.2161,0.1509,0.491,0.1173,-0.1045,0.4288,0.2473,0.1514,0.4623,0.1324,-0.1143,0.414,0.0,0.1,0.004,0.012,0.123,0.0
15,5,1790610968.972,0.2171,0.1507,0.4897,0.1176,-0.104,0.4286,0.2458,0.1512,0.4635,0.1311,-0.1133,0.4151,0.1,0.0,-0.003,0.011,0.123,0.0
15,6,1790610969.005,0.2185,0.1505,0.4882,0.118,-0.1032,0.428,0.2435,0.151,0.4655,0.1296,-0.1119,0.4164,0.1,0.0,0.005,-0.007,0.123,0.0
15,7,1790610969.039,0.2202,0.1502,0.4863,0.1184,-0.1022,0.4273,0.2407,0.1507,0.4681,0.1278,-0.1102,0.4176,0.1,0.0,0.013,-0.0,0.123,0.0
15,8,1790610969.072,0.2227,0.1499,0.4835,0.1193,-0.1002,0.426,0.2407,0.1507,0.4681,0.1278,-0.1102,0.4176,0.0,0.0,0.004,-0.009,0.123,0.0
15,9,1790610969.106,0.2264,0.1498,0.4796,0.1202,-0.0977,0.424,0.2373,0.1503,0.4712,0.126,-0.1084,0.4192,0.0,0.8,0.008,-0.003,0.123,0.0
15,10,1790610969.139,0.2308,0.1496,0.4745,0.1214,-0.0944,0.4211,0.2334,0.1499,0.4746,0.1239,-0.1063,0.421,0.0,2.8,0.001,0.01,0.0,0.0
15,11,1790610969.173,0.2358,0.1498,0.4686,0.1228,-0.0909,0.418,0.2292,0.1495,0.4781,0.1219,-0.104,0.4228,0.0,4.6,0.007,0.0,0.0,0.0
15,12,1790610969.206,0.2414,0.15,0.4617,0.1246,-0.0873,0.4144,0.2249,0.149,0.4815,0.12,-0.1015,0.4246,0.0,6.1,-0.001,0.004,0.0,0.0
15,13,1790610969.240,0.2477,0.1507,0.4536,0.1268,-0.0831,0.4099,0.2249,0.149,0.4815,0.12,-0.1015,0.4246,0.0,8.4,0.011,0.001,0.0,0.0
15,14,1790610969.274,0.254,0.1514,0.4446,0.1297,-0.0788,0.4047,0.2207,0.1485,0.4845,0.1183,-0.0989,0.4264,0.0,9.8,0.002,-0.006,0.0,0.0
15,15,1790610969.307,0.2602,0.152,0.435,0.1327,-0.0742,0.3992,0.217,0.1481,0.4871,0.1167,-0.0962,0.4279,0.0,10.8,-0.006,-0.007,0.0,0.0
15,16,1790610969.341,0.2658,0.1529,0.4252,0.136,-0.07,0.3931,0.217,0.1481,0.4871,0.1167,-0.0962,0.4279,0.0,11.5,0.017,-0.001,0.0,0.0
15,17,1790610969.374,0.271,0.1535,0.4153,0.1397,-0.0658,0.3868,0.2142,0.148,0.4891,0.1153,-0.0933,0.4301,0.0,11.4,-0.003,0.006,0.0,0.0
15,18,1790610969.408,0.2756,0.1542,0.406,0.1438,-0.0619,0.3802,0.2124,0.148,0.4899,0.1147,-0.0903,0.4317,0.0,10.4,0.008,0.0,0.0,0.0
15,19,1790610969.442,0.2802,0.1555,0.3969,0.1481,-0.0578,0.3735,0.2124,0.148,0.4899,0.1147,-0.0903,0.4317,0.0,8.6,0.007,0.002,0.0,0.0
15,20,1790610969.475,0.2842,0.1568,0.3885,0.1525,-0.054,0.3664,0.2122,0.1483,0.4896,0.1148,-0.0873,0.4334,0.1,6.4,0.01,-0.001,0.0,0.0
15,21,1790610969.508,0.2881,0.1583,0.3802,0.1571,-0.0505,0.3588,0.2135,0.1488,0.4876,0.1164,-0.0841,0.4337,0.1,3.6,-0.014,0.0,0.0,0.0
15,22,1790610969.541,0.2916,0.1604,0.3723,0.1618,-0.047,0.3513,0.2135,0.1488,0.4876,0.1164,-0.0841,0.4337,0.0,0.1,0.012,-0.002,0.0,0.0
15,23,1790610969.574,0.2951,0.1627,0.3647,0.1668,-0.0439,0.3436,0.2169,0.1498,0.484,0.1188,-0.0811,0.4331,0.1,0.1,-0.007,0.026,0.0,0.0
15,24,1790610969.609,0.298,0.1647,0.3577,0.1715,-0.0411,0.3365,0.2224,0.1511,0.4784,0.1229,-0.078,0.4303,0.1,0.1,0.018,0.014,0.0,0.0
15,25,1790610969.642,0.3002,0.1665,0.3518,0.1754,-0.0391,0.3308,0.2224,0.1511,0.4784,0.1229,-0.078,0.4303,0.0,0.0,-0.0,0.041,0.0,0.0
15,26,1790610969.676,0.3025,0.1684,0.3461,0.1783,-0.0369,0.3258,0.2302,0.1531,0.4707,0.1276,-0.0747,0.4252,0.1,0.7,-0.002,0.036,0.0,0.0
15,27,1790610969.710,0.3041,0.1703,0.3411,0.1818,-0.0345,0.3205,0.2404,0.156,0.4606,0.1332,-0.0708,0.4171,0.1,5.4,0.011,0.034,0.0,0.0
15,28,1790610969.744,0.3061,0.1721,0.3355,0.1845,-0.0323,0.3151,0.2525,0.1597,0.4476,0.1397,-0.0665,0.4063,0.1,10.1,-0.007,0.075,0.0,0.0
15,29,1790610969.777,0.3076,0.1737,0.3305,0.1873,-0.0302,0.3098,0.2656,0.164,0.4319,0.1468,-0.0619,0.3934,0.0,15.5,0.005,0.084,0.0,0.0
